"Trường","Ngành","Năm","PT","Tổ hợp","Điểm","Ghi chú"
"Trường Đại học Sư phạm Kỹ thuật Hưng Yên","Công nghệ kỹ thuật ô tô","2024","1","A00","23.50","Phương thức 1 – Điểm thi THPT"
"Trường Đại học Bách khoa - Đại học Đà Nẵng","Kỹ thuật địa chất","2024","4","A00 + IELTS","22.50","Phương thức 4 – Xét tuyển kết hợp"
"Trường Đại học Tôn Đức Thắng","Khoa học dữ liệu","2024","1","A00;A01","27.00","Phương thức 1 – Điểm thi THPT"
"Trường Đại học Sư phạm Kỹ thuật Hưng Yên","Kỹ thuật hoá học","2024","1","A00","22.80","Phương thức 1 – Điểm thi THPT"
"Trường Đại học Bách khoa - Đại học Đà Nẵng","Kỹ thuật trắc địa – bản đồ","2024","4","A00 + IELTS","22.50","Phương thức 4 – Xét tuyển kết hợp"
"Trường Đại học Tôn Đức Thắng","Thương mại điện tử","2024","1","A00;A01;D01","24.00","Phương thức 1 – Điểm thi THPT"
"Trường Đại học Sư phạm Kỹ thuật Hưng Yên","Kỹ thuật vật liệu","2024","1","A00","22.80","Phương thức 1 – Điểm thi THPT"
"Trường Đại học Bách khoa - Đại học Đà Nẵng","Logistics và quản lý chuỗi cung ứng","2024","4","A00;A01 + IELTS","23.00","Phương thức 4 – Xét tuyển kết hợp"
"Trường Đại học Kinh tế TP. Hồ Chí Minh","Ngôn ngữ Anh","2024","1","D09; D10; D01; D14; D15","26.00","Môn Anh hệ số 2"
"Trường Đại học Tôn Đức Thắng","Logistics và quản lý chuỗi cung ứng","2024","2","A00;A01","22.50","Phương thức 2 – Học bạ"
"Trường Đại học Sư phạm Kỹ thuật Hưng Yên","Quản lý công nghiệp","2024","1","A00","22.50","Phương thức 1 – Điểm thi THPT"
"Trường Đại học Bách khoa Hà Nội","Công nghệ thông tin","2024","1","A00;A01;D01","28.80",""
"Trường Đại học Tôn Đức Thắng","Internet vạn vật (IoT) và hệ thống nhúng","2024","3","ĐGNL HCM","99.99","Phương thức 3 – Đánh giá năng lực (ĐGNL HCM)"
"Trường Đại học Sư phạm Kỹ thuật Hưng Yên","Công nghệ thực phẩm","2024","1","A00;B00","22.50","Phương thức 1 – Điểm thi THPT"
"Trường Đại học Bách khoa Hà Nội","Công nghệ thông tin","2024","2","A00;A01;D01","27.30",""
"Trường Đại học Tôn Đức Thắng","Điện toán đám mây và hạ tầng số","2024","4","A00;A01 + IELTS","26.00","Phương thức 4 – Xét tuyển kết hợp"
"Trường Đại học Bách khoa - Đại học Đà Nẵng","Kỹ thuật cơ khí","2024","1","A00","25.00","Phương thức 1 – Điểm thi THPT"
"Trường Đại học Bách khoa Hà Nội","Công nghệ thông tin","2024","3","A00;A01;D01","99.99",""
"Trường Đại học Cần Thơ","Khoa học môi trường","2024","1","A00;B00","23.50","Phương thức 1 – Điểm thi THPT"
"Trường Đại học Bách khoa - Đại học Đà Nẵng","Kỹ thuật điện","2024","1","A00","25.20","Phương thức 1 – Điểm thi THPT"
"Trường Đại học Bách khoa Hà Nội","Công nghệ thông tin","2024","4","A00;A01;D01","28.30",""
"Trường Đại học Cần Thơ","Kỹ thuật môi trường","2024","1","A00","22.00","Phương thức 1 – Điểm thi THPT"
"Trường Đại học Bách khoa - Đại học Đà Nẵng","Kỹ thuật điều khiển & tự động hóa","2024","1","A00","26.00","Phương thức 1 – Điểm thi THPT"
"Trường Đại học Công nghệ Thông tin","Công nghệ thông tin","2024","1","A00;A01;D01","27.50",""
"Trường Đại học Cần Thơ","Công nghệ thực phẩm","2024","2","A00","21.50","Phương thức 2 – Học bạ"
"Trường Đại học Bách khoa - Đại học Đà Nẵng","Kỹ thuật môi trường","2024","1","A00","23.50","Phương thức 1 – Điểm thi THPT"
"Trường Đại học Công nghệ Thông tin","Công nghệ thông tin","2024","2","A00;A01;D01","26.00",""
"Trường Đại học Cần Thơ","Kỹ thuật trắc địa – bản đồ","2024","3","ĐGNL HCM","99.99","Phương thức 3 – Đánh giá năng lực (ĐGNL HCM)"
"Trường Đại học Bách khoa - Đại học Đà Nẵng","Công nghệ thực phẩm","2024","1","A00;B00","23.50","Phương thức 1 – Điểm thi THPT"
"Trường Đại học Công nghệ Thông tin","Công nghệ thông tin","2024","3","A00;A01;D01","99.99",""
"Đại học Thái Nguyên","Kỹ thuật nhiệt","2024","1","A00","22.50","Phương thức 1 – Điểm thi THPT"
"Trường Đại học Bách khoa - Đại học Đà Nẵng","Kiến trúc","2024","1","A00","24.50","Phương thức 1 – Điểm thi THPT"
"Trường Đại học Công nghệ Thông tin","Công nghệ thông tin","2024","4","A00;A01;D01","27.00",""
"Đại học Thái Nguyên","Kỹ thuật hoá học","2024","2","A00","21.50","Phương thức 2 – Học bạ"
"Trường Đại học Bách khoa - Đại học Đà Nẵng","Công nghệ kỹ thuật ô tô","2024","1","A00","25.00","Phương thức 1 – Điểm thi THPT"
"Trường Đại học Bách khoa TP. Hồ Chí Minh","Công nghệ thông tin","2024","1","A00;A01;D01","28.20",""
"Đại học Thái Nguyên","Kỹ thuật vật liệu","2024","3","ĐGNL HCM","99.99","Phương thức 3 – Đánh giá năng lực (ĐGNL HCM)"
"Trường Đại học Bách khoa - Đại học Đà Nẵng","Kỹ thuật địa chất","2024","1","A00","23.00","Phương thức 1 – Điểm thi THPT"
"Trường Đại học Bách khoa TP. Hồ Chí Minh","Công nghệ thông tin","2024","2","A00;A01;D01","26.70",""
"Trường Đại học Duy Tân","Quản trị khởi nghiệp và đổi mới sáng tạo","2024","1","A00;A01;D01","24.50","Phương thức 1 – Điểm thi THPT"
"Trường Đại học Bách khoa - Đại học Đà Nẵng","Kỹ thuật trắc địa – bản đồ","2024","1","A00","23.00","Phương thức 1 – Điểm thi THPT"
"Trường Đại học Kinh tế - Đại học Đà Nẵng","Quản trị kinh doanh","2024","2","A00;A01;D01","24.00","Phương thức 2 – Học bạ"
"Trường Đại học Bách khoa TP. Hồ Chí Minh","Công nghệ thông tin","2024","3","A00;A01;D01","99.99",""
"Trường Đại học Duy Tân","Thiết kế đồ hoạ","2024","4","V00 + Portfolio","22.00","Phương thức 4 – Xét tuyển kết hợp"
"Trường Đại học Bách khoa - Đại học Đà Nẵng","Logistics và quản lý chuỗi cung ứng","2024","1","A00;A01","23.50","Phương thức 1 – Điểm thi THPT"
"Trường Đại học Kinh tế - Đại học Đà Nẵng","Kinh doanh quốc tế","2024","2","A00;A01;D01","23.50","Phương thức 2 – Học bạ"
"Trường Đại học Bách khoa TP. Hồ Chí Minh","Công nghệ thông tin","2024","4","A00;A01;D01","27.70",""
"Trường Đại học Duy Tân","Phát triển Game & Multimedia","2024","3","ĐGNL HCM","99.99","Phương thức 3 – Đánh giá năng lực (ĐGNL HCM)"
"Trường Đại học Kinh tế - Đại học Đà Nẵng","Quản trị kinh doanh","2024","1","A00;A01;D01","25.00","Phương thức 1 – Điểm thi THPT"
"Trường Đại học Kinh tế - Đại học Đà Nẵng","Kinh doanh thương mại","2024","2","A00;A01;D01","24.00","Phương thức 2 – Học bạ"
"Trường Đại học Khoa học Tự nhiên","Liên minh châu Âu học","2024","1","D01","23.00","Phương thức 1 – Điểm thi THPT"
"Trường Đại học Kinh tế - Đại học Đà Nẵng","Kinh doanh quốc tế","2024","1","A00;A01;D01","24.50","Phương thức 1 – Điểm thi THPT"
"Trường Đại học Kinh tế - Đại học Đà Nẵng","Tài chính – Ngân hàng","2024","2","A00;A01;D01","23.80","Phương thức 2 – Học bạ"
"Trường Đại học Khoa học Tự nhiên","Khí tượng – Thủy văn","2024","2","A00","22.00","Phương thức 2 – Học bạ"
"Trường Đại học Kinh tế - Đại học Đà Nẵng","Kinh doanh thương mại","2024","1","A00;A01;D01","25.00","Phương thức 1 – Điểm thi THPT"
"Trường Đại học Kinh tế - Đại học Đà Nẵng","Quản trị nhân lực","2024","2","A00;A01;D01","23.00","Phương thức 2 – Học bạ"
"Trường Đại học Công nghiệp TP. Hồ Chí Minh","Quản lý công nghiệp","2024","2","A00;A01","22.00","Phương thức 2 – Học bạ"
"Trường Đại học Kinh tế - Đại học Đà Nẵng","Tài chính – Ngân hàng","2024","1","A00;A01;D01","24.80","Phương thức 1 – Điểm thi THPT"
"Trường Đại học Kinh tế - Đại học Đà Nẵng","Kinh doanh số","2024","2","A00;A01;D01","22.80","Phương thức 2 – Học bạ"
"Học viện Tài chính","Sư phạm Toán học","2024","1","A00;A01;D01","25.50","Phương thức 1 - Điểm thi THPT"
"Trường Đại học Công nghiệp TP. Hồ Chí Minh","Mạng máy tính và truyền thông dữ liệu","2024","1","A00;A01","24.00","Phương thức 1 – Điểm thi THPT"
"Trường Đại học Kinh tế - Đại học Đà Nẵng","Quản trị nhân lực","2024","1","A00;A01;D01","24.00","Phương thức 1 – Điểm thi THPT"
"Trường Đại học Kinh tế - Đại học Đà Nẵng","Tài chính công nghệ (FinTech)","2024","2","A00;A01;D01","23.20","Phương thức 2 – Học bạ"
"Học viện Tài chính","Sư phạm Toán học","2024","2","A00;A01;D01","27.00","Phương thức 2 - Học bạ"
"Trường Đại học Kinh tế - ĐHQG Hà Nội","Hệ thống thông tin quản lý","2024","2","A00;A01;D01","24.50","Phương thức 2 – Học bạ"
"Trường Đại học Kinh tế - Đại học Đà Nẵng","Kinh doanh số","2024","1","A00;A01;D01","23.80","Phương thức 1 – Điểm thi THPT"
"Trường Đại học Kinh tế - Đại học Đà Nẵng","Thẩm định giá","2024","2","A00;A01;D01","23.00","Phương thức 2 – Học bạ"
"Học viện Tài chính","Sư phạm Toán học","2024","3","A00;A01;D01","99.99","Phương thức 3 - ĐGNL HCM"
"Trường Đại học Kinh tế - ĐHQG Hà Nội","Quản lý đô thị","2024","1","A00;D01","24.00","Phương thức 1 – Điểm thi THPT"
"Trường Đại học Kinh tế - Đại học Đà Nẵng","Tài chính công nghệ (FinTech)","2024","1","A00;A01;D01","24.20","Phương thức 1 – Điểm thi THPT"
"Trường Đại học Kinh tế - Đại học Đà Nẵng","Hệ thống thông tin quản lý","2024","2","A00;A01;D01","23.80","Phương thức 2 – Học bạ"
"Học viện Tài chính","Sư phạm Toán học","2024","4","A00;A01;D01","28.00","Phương thức 4 - Kết hợp chứng chỉ"
"Học viện Công nghệ Bưu chính Viễn thông","Blockchain và Web3","2024","1","A00;A01","24.00","Phương thức 1 – Điểm thi THPT"
"Trường Đại học Kinh tế - Đại học Đà Nẵng","Thẩm định giá","2024","1","A00;A01;D01","24.00","Phương thức 1 – Điểm thi THPT"
"Trường Đại học Kinh tế - Đại học Đà Nẵng","Kinh tế","2024","2","A00;A01;D01","23.00","Phương thức 2 – Học bạ"
"Học viện Tài chính","Ngôn ngữ Anh","2024","1","A00;A01;D01","24.50","Phương thức 1 - Điểm thi THPT"
"Học viện Công nghệ Bưu chính Viễn thông","Thiết kế trải nghiệm số (UX Engineering)","2024","3","ĐGNL HCM","99.99","Phương thức 3 – Đánh giá năng lực (ĐGNL HCM)"
"Trường Đại học Kinh tế - Đại học Đà Nẵng","Hệ thống thông tin quản lý","2024","1","A00;A01;D01","24.80","Phương thức 1 – Điểm thi THPT"
"Học viện Tài chính","Ngôn ngữ Anh","2024","2","A00;A01;D01","26.50","Phương thức 2 - Học bạ"
"Học viện Công nghệ Bưu chính Viễn thông - Cơ sở TP.HCM","Kỹ thuật phần mềm nhúng","2024","2","A00;A01","24.00","Phương thức 2 – Học bạ"
"Trường Đại học Kinh tế - Đại học Đà Nẵng","Kinh tế","2024","1","A00;A01;D01","24.00","Phương thức 1 – Điểm thi THPT"
"Học viện Tài chính","Ngôn ngữ Anh","2024","3","A00;A01;D01","99.99","Phương thức 3 - ĐGNL HCM"
"Học viện Công nghệ Bưu chính Viễn thông - Cơ sở TP.HCM","Phát triển Game & Multimedia","2024","3","ĐGNL HCM","99.99","Phương thức 3 – Đánh giá năng lực (ĐGNL HCM)"
"Trường Đại học Sư phạm - Đại học Đà Nẵng","Sư phạm Toán học","2024","1","A00;A01","24.00","Phương thức 1 – Điểm thi THPT"
"Học viện Tài chính","Ngôn ngữ Anh","2024","4","A00;A01;D01","27.00","Phương thức 4 - Kết hợp"
"Trường Đại học Giao thông Vận tải","Kỹ thuật dầu khí","2024","2","A00","21.50","Phương thức 2 – Học bạ"
"Trường Đại học Sư phạm - Đại học Đà Nẵng","Ngôn ngữ Anh","2024","1","D01","23.00","Phương thức 1 – Điểm thi THPT"
"Học viện Tài chính","Kế toán","2024","1","A00;A01;D01","25.00","Phương thức 1 - Điểm thi THPT"
"Trường Đại học Giao thông Vận tải","Kỹ thuật địa chất","2024","1","A00","21.50","Phương thức 1 – Điểm thi THPT"
"Trường Đại học Sư phạm - Đại học Đà Nẵng","Ngôn ngữ Trung Quốc","2024","1","D01","22.80","Phương thức 1 – Điểm thi THPT"
"Học viện Tài chính","Kế toán","2024","2","A00;A01;D01","26.00","Phương thức 2 - Học bạ"
"Trường Đại học Y Hà Nội","Y khoa","2024","1","A00;B00;D07","28.50",""
"Trường Đại học KHXH&NV - ĐHQG TP.HCM","Châu Âu học","2024","2","D01","23.00","Phương thức 2 – Học bạ"
"Trường Đại học Sư phạm - Đại học Đà Nẵng","Ngôn ngữ Nhật","2024","1","D01","23.20","Phương thức 1 – Điểm thi THPT"
"Học viện Tài chính","Kế toán","2024","3","A00;A01;D01","99.99","Phương thức 3 - ĐGNL HCM"
"Trường Đại học Y Hà Nội","Y khoa","2024","2","A00;B00;D07","27.00",""
"Trường Đại học KHXH&NV - ĐHQG TP.HCM","Đông phương học","2024","3","ĐGNL HCM","99.99","Phương thức 3 – Đánh giá năng lực (ĐGNL HCM)"
"Trường Đại học Sư phạm - Đại học Đà Nẵng","Ngôn ngữ Hàn","2024","1","D01","23.00","Phương thức 1 – Điểm thi THPT"
"Học viện Tài chính","Quản trị văn phòng","2024","1","A00;A01;D01","26.00","Phương thức 1 - Điểm thi THPT"
"Trường Đại học Y Hà Nội","Y khoa","2024","3","A00;B00;D07","99.99",""
"Trường Đại học Dược Hà Nội","Kỹ thuật hình ảnh y học","2024","2","B00","23.00","Phương thức 2 – Học bạ"
"Trường Đại học Sư phạm - Đại học Đà Nẵng","Biên - Phiên dịch","2024","1","D01","23.00","Phương thức 1 – Điểm thi THPT"
"Học viện Tài chính","Quản trị văn phòng","2024","2","A00;A01;D01","27.00","Phương thức 2 - Học bạ"
"Trường Đại học Y Hà Nội","Y khoa","2024","4","A00;B00;D07","28.00",""
"Trường Đại học Dược Hà Nội","Vật lý y khoa","2024","3","ĐGNL HCM","99.99","Phương thức 3 – Đánh giá năng lực (ĐGNL HCM)"
"Trường Đại học Sư phạm - Đại học Đà Nẵng","Trung Quốc học","2024","1","D01","22.50","Phương thức 1 – Điểm thi THPT"
"Trường Đại học Y Dược TP. Hồ Chí Minh","Y khoa","2024","1","A00;B00;D07","28.80",""
"Trường Đại học Bách khoa Hà Nội","Hộ sinh","2024","2","B00","21.00","Phương thức 2 – Học bạ"
"Trường Đại học Sư phạm - Đại học Đà Nẵng","Nhật Bản học","2024","1","D01","22.50","Phương thức 1 – Điểm thi THPT"
"Trường Đại học Y Dược TP. Hồ Chí Minh","Y khoa","2024","2","A00;B00;D07","27.30",""
"Trường Đại học Ngoại thương Cơ sở II","Thương mại quốc tế","2024","1","A00;A01;D01","25.00","Phương thức 1 – Điểm thi THPT"
"Trường Đại học Sư phạm - Đại học Đà Nẵng","Hàn Quốc học","2024","1","D01","22.50","Phương thức 1 – Điểm thi THPT"
"Trường Đại học Kinh tế - Đại học Đà Nẵng","Quản trị kinh doanh","2024","3","ĐGNL HCM","99.99","Phương thức 3 – Đánh giá năng lực (ĐGNL HCM)"
"Trường Đại học Y Dược TP. Hồ Chí Minh","Y khoa","2024","3","A00;B00;D07","99.99",""
"Trường Đại học Ngoại thương Cơ sở II","Kinh doanh thương mại","2024","2","A00;A01;D01","24.20","Phương thức 2 – Học bạ"
"Trường Đại học Sư phạm - Đại học Đà Nẵng","Truyền thông đa phương tiện","2024","1","D01","23.00","Phương thức 1 – Điểm thi THPT"
"Trường Đại học Kinh tế - Đại học Đà Nẵng","Kinh doanh quốc tế","2024","3","ĐGNL HCM","99.99","Phương thức 3 – Đánh giá năng lực (ĐGNL HCM)"
"Trường Đại học Y Dược TP. Hồ Chí Minh","Y khoa","2024","4","A00;B00;D07","28.30",""
"Trường Đại học Tài chính – Marketing","Kinh doanh số","2024","1","A00;A01;D01","23.50","Phương thức 1 – Điểm thi THPT"
"Trường Đại học Công nghệ Đồng Nai","Khoa học dữ liệu và phân tích kinh doanh","2024","1","A00;A01","24.00","Phương thức 1 – Điểm thi THPT"
"Trường Đại học Kinh tế - Đại học Đà Nẵng","Kinh doanh thương mại","2024","3","ĐGNL HCM","99.99","Phương thức 3 – Đánh giá năng lực (ĐGNL HCM)"
"Trường Đại học Kinh tế Quốc dân","Kinh tế","2024","1","A00;A01;D01","27.20",""
"Trường Đại học Tài chính – Marketing","Thương mại số & Marketing số","2024","2","A00;A01;D01","22.50","Phương thức 2 – Học bạ"
"Trường Đại học Công nghệ Đồng Nai","Kinh doanh thương mại","2024","1","A00;A01;D01","23.00","Phương thức 1 – Điểm thi THPT"
"Trường Đại học Kinh tế - Đại học Đà Nẵng","Tài chính – Ngân hàng","2024","3","ĐGNL HCM","99.99","Phương thức 3 – Đánh giá năng lực (ĐGNL HCM)"
"Trường Đại học Kinh tế Quốc dân","Kinh tế","2024","2","A00;A01;D01","26.00",""
"Trường Đại học Khoa học Tự nhiên, ĐHQG-HCM","Internet vạn vật (IoT) và hệ thống nhúng","2024","1","A00;A01","26.00","Phương thức 1 – Điểm thi THPT"
"Trường Đại học Công nghệ Đồng Nai","Kinh doanh số","2024","1","A00;A01;D01","22.80","Phương thức 1 – Điểm thi THPT"
"Trường Đại học Kinh tế - Đại học Đà Nẵng","Quản trị nhân lực","2024","3","ĐGNL HCM","99.99","Phương thức 3 – Đánh giá năng lực (ĐGNL HCM)"
"Trường Đại học Kinh tế Quốc dân","Kinh tế","2024","3","A00;A01;D01","99.99",""
"Trường Đại học Khoa học Tự nhiên, ĐHQG-HCM","Khoa học môi trường","2024","3","ĐGNL HCM","99.99","Phương thức 3 – Đánh giá năng lực (ĐGNL HCM)"
"Trường Đại học Công nghệ Đồng Nai","Quản trị nhân lực","2024","1","A00;A01;D01","22.80","Phương thức 1 – Điểm thi THPT"
"Trường Đại học Kinh tế - Đại học Đà Nẵng","Kinh doanh số","2024","3","ĐGNL HCM","99.99","Phương thức 3 – Đánh giá năng lực (ĐGNL HCM)"
"Trường Đại học Kinh tế Quốc dân","Kinh tế","2024","4","A00;A01;D01","26.80",""
"Trường Đại học Công nghệ, ĐHQG-HN","Kỹ thuật máy tính","2024","1","A00;A01","26.00","Phương thức 1 – Điểm thi THPT"
"Trường Đại học Công nghệ Đồng Nai","Công nghệ kỹ thuật ô tô","2024","1","A00;A01","23.50","Phương thức 1 – Điểm thi THPT"
"Trường Đại học Kinh tế - Đại học Đà Nẵng","Tài chính công nghệ (FinTech)","2024","3","ĐGNL HCM","99.99","Phương thức 3 – Đánh giá năng lực (ĐGNL HCM)"
"Trường Đại học Kinh tế TP. Hồ Chí Minh","Kinh tế","2024","1","A00;A01;D01","26.50",""
"Trường Đại học Công nghệ, ĐHQG-HN","Khoa học dữ liệu","2024","2","A00;A01","25.00","Phương thức 2 – Học bạ"
"Trường Đại học Công nghệ Đồng Nai","Kỹ thuật cơ khí","2024","1","A00;A01","23.50","Phương thức 1 – Điểm thi THPT"
"Trường Đại học Kinh tế - Đại học Đà Nẵng","Thẩm định giá","2024","3","ĐGNL HCM","99.99","Phương thức 3 – Đánh giá năng lực (ĐGNL HCM)"
"Trường Đại học Kinh tế TP. Hồ Chí Minh","Kinh tế","2024","2","A00;A01;D01","25.50",""
"Trường Đại học Công nghệ Đồng Nai","Kỹ thuật điện","2024","1","A00;A01","23.50","Phương thức 1 – Điểm thi THPT"
"Trường Đại học Kinh tế - Đại học Đà Nẵng","Hệ thống thông tin quản lý","2024","3","ĐGNL HCM","99.99","Phương thức 3 – Đánh giá năng lực (ĐGNL HCM)"
"Trường Đại học Kinh tế TP. Hồ Chí Minh","Kinh tế","2024","3","A00;A01;D01","99.99",""
"Trường Đại học Công nghệ Đồng Nai","Kiến trúc","2024","1","A00","23.50","Phương thức 1 – Điểm thi THPT"
"Trường Đại học Kinh tế - Đại học Đà Nẵng","Kinh tế","2024","3","ĐGNL HCM","99.99","Phương thức 3 – Đánh giá năng lực (ĐGNL HCM)"
"Trường Đại học Giao thông Vận tải","An toàn thông tin","2024","2","D01;D96","26.00","Test record 2"
"Trường Đại học Kinh tế TP. Hồ Chí Minh","Kinh tế","2024","4","A00;A01;D01","26.00",""
"Trường Đại học Công nghệ Đồng Nai","Truyền thông đa phương tiện","2024","1","D01","22.80","Phương thức 1 – Điểm thi THPT"
"Trường Đại học Bách khoa Hà Nội","Quản trị chuỗi cung ứng toàn cầu","2024","1","A00","26.00","ềdsfsf"
"Trường Đại học Công nghệ Đồng Nai","Thiết kế đồ hoạ","2024","1","V00","22.30","Phương thức 1 – Điểm thi THPT"
"Trường Đại học Kinh tế TP. Hồ Chí Minh","Công nghệ thông tin","2024","1","A00;A01;D01","25.50","Phương thức 1 - Điểm thi"
"Trường Đại học Kinh tế - Tài chính TP. HCM (UEF)","Quản trị kinh doanh","2024","2","A00;A01;D01","23.50","Phương thức 2 – Học bạ"
"Trường Đại học Kinh tế TP. Hồ Chí Minh","Quản trị kinh doanh","2024","2","A00;A01","23.00","Phương thức 2 - Học bạ"
"Trường Đại học Kinh tế - Tài chính TP. HCM (UEF)","Kinh doanh quốc tế","2024","2","A00;A01;D01","23.00","Phương thức 2 – Học bạ"
"Trường Đại học Kinh tế - Tài chính TP. HCM (UEF)","Kinh doanh thương mại","2024","2","A00;A01;D01","23.80","Phương thức 2 – Học bạ"
"Trường Đại học Kinh tế - Tài chính TP. HCM (UEF)","Tài chính – Ngân hàng","2024","2","A00;A01;D01","23.20","Phương thức 2 – Học bạ"
"Trường Đại học Kinh tế - Tài chính TP. HCM (UEF)","Quản trị nhân lực","2024","2","A00;A01;D01","22.50","Phương thức 2 – Học bạ"
"Trường Đại học Kinh tế - Tài chính TP. HCM (UEF)","Kinh doanh số","2024","2","A00;A01;D01","22.00","Phương thức 2 – Học bạ"
"Trường Đại học Kinh tế - Tài chính TP. HCM (UEF)","Thẩm định giá","2024","2","A00;A01;D01","22.50","Phương thức 2 – Học bạ"
"Trường Đại học Kinh tế - Tài chính TP. HCM (UEF)","Tài chính công nghệ (FinTech)","2024","2","A00;A01;D01","23.00","Phương thức 2 – Học bạ"
"Trường Đại học Kinh tế - Tài chính TP. HCM (UEF)","Tâm lý học","2024","2","A00;A01;D01","21.50","Phương thức 2 – Học bạ"
"Trường Đại học Kinh tế - Đại học Đà Nẵng","Quản trị kinh doanh","2024","4","A00;A01;D01 + IELTS","24.50","Phương thức 4 – Xét tuyển kết hợp"
"Trường Đại học Kinh tế - Tài chính TP. HCM (UEF)","Hệ thống thông tin quản lý","2024","2","A00;A01;D01","23.50","Phương thức 2 – Học bạ"
"Trường Đại học Kinh tế - Đại học Đà Nẵng","Kinh doanh quốc tế","2024","4","A00;A01;D01 + IELTS","24.00","Phương thức 4 – Xét tuyển kết hợp"
"Trường Đại học Kinh tế - Tài chính TP. HCM (UEF)","Quản trị kinh doanh","2024","3","ĐGNL HCM","99.99","Phương thức 3 – Đánh giá năng lực (ĐGNL HCM)"
"Trường Đại học Kinh tế - Đại học Đà Nẵng","Kinh doanh thương mại","2024","4","A00;A01;D01 + IELTS","24.50","Phương thức 4 – Xét tuyển kết hợp"
"Trường Đại học Kinh tế - Tài chính TP. HCM (UEF)","Kinh doanh quốc tế","2024","3","ĐGNL HCM","99.99","Phương thức 3 – Đánh giá năng lực (ĐGNL HCM)"
"Trường Đại học Kinh tế - Đại học Đà Nẵng","Tài chính – Ngân hàng","2024","4","A00;A01;D01 + IELTS","24.30","Phương thức 4 – Xét tuyển kết hợp"
"Trường Đại học Kinh tế - Tài chính TP. HCM (UEF)","Kinh doanh thương mại","2024","3","ĐGNL HCM","99.99","Phương thức 3 – Đánh giá năng lực (ĐGNL HCM)"
"Trường Đại học Kinh tế - Đại học Đà Nẵng","Quản trị nhân lực","2024","4","A00;A01;D01 + IELTS","23.50","Phương thức 4 – Xét tuyển kết hợp"
"Trường Đại học Kinh tế - Tài chính TP. HCM (UEF)","Tài chính – Ngân hàng","2024","3","ĐGNL HCM","99.99","Phương thức 3 – Đánh giá năng lực (ĐGNL HCM)"
"Trường Đại học Kinh tế - Đại học Đà Nẵng","Kinh doanh số","2024","4","A00;A01;D01 + IELTS","23.30","Phương thức 4 – Xét tuyển kết hợp"
"Trường Đại học Kinh tế - Tài chính TP. HCM (UEF)","Quản trị nhân lực","2024","3","ĐGNL HCM","99.99","Phương thức 3 – Đánh giá năng lực (ĐGNL HCM)"
"Trường Đại học Kinh tế - Đại học Đà Nẵng","Tài chính công nghệ (FinTech)","2024","4","A00;A01;D01 + IELTS","23.70","Phương thức 4 – Xét tuyển kết hợp"
"Trường Đại học Kinh tế - Tài chính TP. HCM (UEF)","Kinh doanh số","2024","3","ĐGNL HCM","99.99","Phương thức 3 – Đánh giá năng lực (ĐGNL HCM)"
"Trường Đại học Kinh tế - Đại học Đà Nẵng","Thẩm định giá","2024","4","A00;A01;D01 + IELTS","23.50","Phương thức 4 – Xét tuyển kết hợp"
"Trường Đại học Kinh tế - Tài chính TP. HCM (UEF)","Thẩm định giá","2024","3","ĐGNL HCM","99.99","Phương thức 3 – Đánh giá năng lực (ĐGNL HCM)"
"Trường Đại học Kinh tế - Đại học Đà Nẵng","Hệ thống thông tin quản lý","2024","4","A00;A01;D01 + IELTS","24.30","Phương thức 4 – Xét tuyển kết hợp"
"Trường Đại học Kinh tế - Tài chính TP. HCM (UEF)","Tài chính công nghệ (FinTech)","2024","3","ĐGNL HCM","99.99","Phương thức 3 – Đánh giá năng lực (ĐGNL HCM)"
"Trường Đại học Kinh tế - Đại học Đà Nẵng","Kinh tế","2024","4","A00;A01;D01 + IELTS","23.50","Phương thức 4 – Xét tuyển kết hợp"
"Trường Đại học Kinh tế - Tài chính TP. HCM (UEF)","Tâm lý học","2024","3","ĐGNL HCM","99.99","Phương thức 3 – Đánh giá năng lực (ĐGNL HCM)"
"Trường Đại học Nông Lâm TP. Hồ Chí Minh","Quản lý tài nguyên và môi trường","2024","1","A00;B00","21.50","Phương thức 1 – Điểm thi THPT"
"Trường Đại học Kinh tế - Tài chính TP. HCM (UEF)","Hệ thống thông tin quản lý","2024","3","ĐGNL HCM","99.99","Phương thức 3 – Đánh giá năng lực (ĐGNL HCM)"
"Trường Đại học Nông Lâm TP. Hồ Chí Minh","Biến đổi khí hậu và phát triển bền vững","2024","1","A00;B00","22.00","Phương thức 1 – Điểm thi THPT"
"Trường Đại học Kinh tế - Tài chính TP. HCM (UEF)","Quản trị kinh doanh","2024","4","A00;A01;D01 + IELTS","24.00","Phương thức 4 – Xét tuyển kết hợp"
"Trường Đại học Nông Lâm TP. Hồ Chí Minh","Khoa học môi trường","2024","1","A00;B00","23.00","Phương thức 1 – Điểm thi THPT"
"Trường Đại học Kinh tế - Tài chính TP. HCM (UEF)","Kinh doanh quốc tế","2024","4","A00;A01;D01 + IELTS","23.50","Phương thức 4 – Xét tuyển kết hợp"
"Trường Đại học Nông Lâm TP. Hồ Chí Minh","Kỹ thuật môi trường","2024","1","A00","22.50","Phương thức 1 – Điểm thi THPT"
"Trường Đại học Kinh tế - Tài chính TP. HCM (UEF)","Kinh doanh thương mại","2024","4","A00;A01;D01 + IELTS","24.30","Phương thức 4 – Xét tuyển kết hợp"
"Trường Đại học Nông Lâm TP. Hồ Chí Minh","Quản lý chất thải rắn và kinh tế tuần hoàn","2024","1","A00","22.00","Phương thức 1 – Điểm thi THPT"
"Trường Đại học Kinh tế - Tài chính TP. HCM (UEF)","Tài chính – Ngân hàng","2024","4","A00;A01;D01 + IELTS","23.70","Phương thức 4 – Xét tuyển kết hợp"
"Trường Đại học Nông Lâm TP. Hồ Chí Minh","Kỹ thuật môi trường nước","2024","1","A00","22.50","Phương thức 1 – Điểm thi THPT"
"Trường Đại học Kinh tế - Tài chính TP. HCM (UEF)","Quản trị nhân lực","2024","4","A00;A01;D01 + IELTS","23.00","Phương thức 4 – Xét tuyển kết hợp"
"Trường Đại học Nông Lâm TP. Hồ Chí Minh","Kỹ thuật địa chất","2024","1","A00","22.00","Phương thức 1 – Điểm thi THPT"
"Trường Đại học Kinh tế - Tài chính TP. HCM (UEF)","Kinh doanh số","2024","4","A00;A01;D01 + IELTS","22.50","Phương thức 4 – Xét tuyển kết hợp"
"Trường Đại học Nông Lâm TP. Hồ Chí Minh","Kỹ thuật trắc địa – bản đồ","2024","1","A00","22.00","Phương thức 1 – Điểm thi THPT"
"Trường Đại học Kinh tế - Tài chính TP. HCM (UEF)","Thẩm định giá","2024","4","A00;A01;D01 + IELTS","23.00","Phương thức 4 – Xét tuyển kết hợp"
"Trường Đại học Sư phạm TP. Hồ Chí Minh","Sư phạm Toán học","2024","1","A00;A01","26.50",""
"Trường Đại học Nông Lâm TP. Hồ Chí Minh","Công nghệ thực phẩm","2024","1","A00;B00","22.50","Phương thức 1 – Điểm thi THPT"
"Trường Đại học Kinh tế - Tài chính TP. HCM (UEF)","Tài chính công nghệ (FinTech)","2024","4","A00;A01;D01 + IELTS","23.50","Phương thức 4 – Xét tuyển kết hợp"
"Trường Đại học Sư phạm TP. Hồ Chí Minh","Sư phạm Toán học","2024","2","A00;A01","25.50",""
"Trường Đại học Nông Lâm TP. Hồ Chí Minh","An toàn – sức khỏe – môi trường (HSE)","2024","1","A00","22.00","Phương thức 1 – Điểm thi THPT"
"Trường Đại học Kinh tế - Tài chính TP. HCM (UEF)","Tâm lý học","2024","4","A00;A01;D01 + IELTS","22.00","Phương thức 4 – Xét tuyển kết hợp"
"Trường Đại học Sư phạm - Đại học Đà Nẵng","Sư phạm Toán học","2024","2","A00;A01","23.00","Phương thức 2 – Học bạ"
"Trường Đại học Sư phạm TP. Hồ Chí Minh","Sư phạm Toán học","2024","3","A00;A01","99.99","Điểm Đánh giá năng lực ĐHQG TP.HCM"
"Trường Đại học Công nghệ TP. Hồ Chí Minh","Khoa học dữ liệu và phân tích kinh doanh","2024","1","A00;A01","25.50","Phương thức 1 – Điểm thi THPT"
"Trường Đại học Kinh tế - Tài chính TP. HCM (UEF)","Hệ thống thông tin quản lý","2024","4","A00;A01;D01 + IELTS","24.00","Phương thức 4 – Xét tuyển kết hợp"
"Trường Đại học Sư phạm - Đại học Đà Nẵng","Ngôn ngữ Anh","2024","2","D01","22.00","Phương thức 2 – Học bạ"
"Trường Đại học Sư phạm TP. Hồ Chí Minh","Sư phạm Toán học","2024","4","A00;A01","25.80",""
"Trường Đại học Công nghệ TP. Hồ Chí Minh","Kinh doanh số","2024","1","A00;A01;D01","23.50","Phương thức 1 – Điểm thi THPT"
"Trường Đại học Ngân hàng TP. Hồ Chí Minh","Tài chính – Ngân hàng","2024","2","A00;A01;D01","24.50","Phương thức 2 – Học bạ"
"Trường Đại học Sư phạm - Đại học Đà Nẵng","Ngôn ngữ Trung Quốc","2024","2","D01","21.80","Phương thức 2 – Học bạ"
"Trường Đại học Công nghệ TP. Hồ Chí Minh","Thương mại số & Marketing số","2024","1","A00;A01;D01","22.50","Phương thức 1 – Điểm thi THPT"
"Trường Đại học Ngân hàng TP. Hồ Chí Minh","Quản trị kinh doanh","2024","2","A00;A01;D01","24.00","Phương thức 2 – Học bạ"
"Trường Đại học Sư phạm - Đại học Đà Nẵng","Ngôn ngữ Nhật","2024","2","D01","22.20","Phương thức 2 – Học bạ"
"Trường Đại học Công nghệ TP. Hồ Chí Minh","Kinh doanh thương mại","2024","1","A00;A01;D01","24.50","Phương thức 1 – Điểm thi THPT"
"Trường Đại học Ngân hàng TP. Hồ Chí Minh","Kinh doanh quốc tế","2024","2","A00;A01;D01","23.80","Phương thức 2 – Học bạ"
"Trường Đại học Sư phạm - Đại học Đà Nẵng","Ngôn ngữ Hàn","2024","2","D01","22.00","Phương thức 2 – Học bạ"
"Trường Đại học Công nghệ TP. Hồ Chí Minh","Quản trị nhân lực","2024","1","A00;A01;D01","24.00","Phương thức 1 – Điểm thi THPT"
"Trường Đại học Ngân hàng TP. Hồ Chí Minh","Kinh doanh thương mại","2024","2","A00;A01;D01","24.20","Phương thức 2 – Học bạ"
"Trường Đại học Sư phạm - Đại học Đà Nẵng","Biên - Phiên dịch","2024","2","D01","22.00","Phương thức 2 – Học bạ"
"Trường Đại học Công nghệ TP. Hồ Chí Minh","Logistics và quản lý chuỗi cung ứng","2024","1","A00;A01","23.00","Phương thức 1 – Điểm thi THPT"
"Trường Đại học Ngân hàng TP. Hồ Chí Minh","Kinh doanh số","2024","2","A00;A01;D01","23.00","Phương thức 2 – Học bạ"
"Trường Đại học Sư phạm - Đại học Đà Nẵng","Trung Quốc học","2024","2","D01","21.50","Phương thức 2 – Học bạ"
"Trường Đại học Luật Hà Nội","Luật","2024","1","C00;D01;A00","27.20",""
"Trường Đại học Công nghệ TP. Hồ Chí Minh","Kiến trúc","2024","1","A00","24.00","Phương thức 1 – Điểm thi THPT"
"Trường Đại học Ngân hàng TP. Hồ Chí Minh","Thẩm định giá","2024","2","A00;A01;D01","23.20","Phương thức 2 – Học bạ"
"Trường Đại học Sư phạm - Đại học Đà Nẵng","Nhật Bản học","2024","2","D01","21.50","Phương thức 2 – Học bạ"
"Trường Đại học Luật Hà Nội","Luật","2024","2","C00;D01;A00","26.00",""
"Trường Đại học Công nghệ TP. Hồ Chí Minh","Truyền thông đa phương tiện","2024","1","D01","23.50","Phương thức 1 – Điểm thi THPT"
"Trường Đại học Ngân hàng TP. Hồ Chí Minh","Tài chính công nghệ (FinTech)","2024","2","A00;A01;D01","23.50","Phương thức 2 – Học bạ"
"Trường Đại học Sư phạm - Đại học Đà Nẵng","Hàn Quốc học","2024","2","D01","21.50","Phương thức 2 – Học bạ"
"Trường Đại học Luật Hà Nội","Luật","2024","3","C00;D01;A00","99.99","Điểm Đánh giá năng lực ĐHQG TP.HCM"
"Trường Đại học Công nghệ TP. Hồ Chí Minh","Thiết kế đồ hoạ","2024","1","V00","22.50","Phương thức 1 – Điểm thi THPT"
"Trường Đại học Ngân hàng TP. Hồ Chí Minh","Quản trị nhân lực","2024","2","A00;A01;D01","23.00","Phương thức 2 – Học bạ"
"Trường Đại học Sư phạm - Đại học Đà Nẵng","Truyền thông đa phương tiện","2024","2","D01","22.00","Phương thức 2 – Học bạ"
"Trường Đại học Luật Hà Nội","Luật","2024","4","C00;D01;A00","26.80",""
"Trường Đại học Công nghệ TP. Hồ Chí Minh","Quản trị khách sạn","2024","1","A00;A01;D01","23.00","Phương thức 1 – Điểm thi THPT"
"Trường Đại học Ngân hàng TP. Hồ Chí Minh","Hệ thống thông tin quản lý","2024","2","A00;A01;D01","24.00","Phương thức 2 – Học bạ"
"Trường Đại học Ngoại thương","Kinh tế đối ngoại","2024","1","A00;A01;D01","28.30",""
"Trường Đại học Kinh tế - Luật, ĐHQG-HCM","Quản trị kinh doanh","2024","1","A00;A01;D01","25.50","Phương thức 1 – Điểm thi THPT"
"Trường Đại học Ngân hàng TP. Hồ Chí Minh","Kinh tế","2024","2","A00;A01;D01","23.50","Phương thức 2 – Học bạ"
"Trường Đại học Ngoại thương","Kinh tế đối ngoại","2024","2","A00;A01;D01","27.00",""
"Trường Đại học Kinh tế - Luật, ĐHQG-HCM","Kinh doanh quốc tế","2024","1","A00;A01;D01","25.00","Phương thức 1 – Điểm thi THPT"
"Trường Đại học Ngân hàng TP. Hồ Chí Minh","Tài chính – Ngân hàng","2024","3","ĐGNL HCM","99.99","Phương thức 3 – Đánh giá năng lực (ĐGNL HCM)"
"Trường Đại học Ngoại thương","Kinh tế đối ngoại","2024","3","A00;A01;D01","99.99","Điểm Đánh giá năng lực ĐHQG TP.HCM"
"Trường Đại học Kinh tế - Luật, ĐHQG-HCM","Kinh doanh thương mại","2024","1","A00;A01;D01","26.00","Phương thức 1 – Điểm thi THPT"
"Trường Đại học Ngân hàng TP. Hồ Chí Minh","Quản trị kinh doanh","2024","3","ĐGNL HCM","99.99","Phương thức 3 – Đánh giá năng lực (ĐGNL HCM)"
"Trường Đại học Ngoại thương","Kinh tế đối ngoại","2024","4","A00;A01;D01","28.00",""
"Trường Đại học Kinh tế - Luật, ĐHQG-HCM","Tài chính – Ngân hàng","2024","1","A00;A01;D01","25.20","Phương thức 1 – Điểm thi THPT"
"Trường Đại học Ngân hàng TP. Hồ Chí Minh","Kinh doanh quốc tế","2024","3","ĐGNL HCM","99.99","Phương thức 3 – Đánh giá năng lực (ĐGNL HCM)"
"Học viện Ngân hàng","Tài chính – Ngân hàng","2024","1","A00;A01;D01","25.80",""
"Trường Đại học Kinh tế - Luật, ĐHQG-HCM","Quản trị nhân lực","2024","1","A00;A01;D01","24.80","Phương thức 1 – Điểm thi THPT"
"Trường Đại học Ngân hàng TP. Hồ Chí Minh","Kinh doanh thương mại","2024","3","ĐGNL HCM","99.99","Phương thức 3 – Đánh giá năng lực (ĐGNL HCM)"
"Học viện Ngân hàng","Tài chính – Ngân hàng","2024","2","A00;A01;D01","24.80",""
"Trường Đại học Kinh tế - Luật, ĐHQG-HCM","Kinh doanh số","2024","1","A00;A01;D01","24.00","Phương thức 1 – Điểm thi THPT"
"Trường Đại học Ngân hàng TP. Hồ Chí Minh","Kinh doanh số","2024","3","ĐGNL HCM","99.99","Phương thức 3 – Đánh giá năng lực (ĐGNL HCM)"
"Trường Đại học Ngoại thương Cơ sở II","Quản trị kinh doanh","2024","2","A00;A01;D01","24.00","Phương thức 2 – Học bạ"
"Học viện Ngân hàng","Tài chính – Ngân hàng","2024","3","A00;A01;D01","99.99","Điểm Đánh giá năng lực ĐHQG TP.HCM"
"Trường Đại học Kinh tế - Luật, ĐHQG-HCM","Thẩm định giá","2024","1","A00;A01;D01","24.50","Phương thức 1 – Điểm thi THPT"
"Trường Đại học Ngân hàng TP. Hồ Chí Minh","Thẩm định giá","2024","3","ĐGNL HCM","99.99","Phương thức 3 – Đánh giá năng lực (ĐGNL HCM)"
"Trường Đại học Ngoại thương Cơ sở II","Kinh doanh quốc tế","2024","2","A00;A01;D01","23.50","Phương thức 2 – Học bạ"
"Học viện Ngân hàng","Tài chính – Ngân hàng","2024","4","A00;A01;D01","25.30",""
"Trường Đại học Kinh tế - Luật, ĐHQG-HCM","Tài chính công nghệ (FinTech)","2024","1","A00;A01;D01","25.00","Phương thức 1 – Điểm thi THPT"
"Trường Đại học Ngân hàng TP. Hồ Chí Minh","Tài chính công nghệ (FinTech)","2024","3","ĐGNL HCM","99.99","Phương thức 3 – Đánh giá năng lực (ĐGNL HCM)"
"Trường Đại học Ngoại thương Cơ sở II","Tài chính – Ngân hàng","2024","2","A00;A01;D01","23.80","Phương thức 2 – Học bạ"
"Học viện Tài chính","Tài chính – Ngân hàng","2024","1","A00;A01;D01","26.20",""
"Trường Đại học Kinh tế - Luật, ĐHQG-HCM","Tâm lý học","2024","1","A00;A01;D01","23.50","Phương thức 1 – Điểm thi THPT"
"Trường Đại học Ngân hàng TP. Hồ Chí Minh","Quản trị nhân lực","2024","3","ĐGNL HCM","99.99","Phương thức 3 – Đánh giá năng lực (ĐGNL HCM)"
"Trường Đại học Ngoại thương Cơ sở II","Quản trị nhân lực","2024","2","A00;A01;D01","23.00","Phương thức 2 – Học bạ"
"Học viện Tài chính","Tài chính – Ngân hàng","2024","2","A00;A01;D01","25.30",""
"Trường Đại học Kinh tế - Luật, ĐHQG-HCM","Hệ thống thông tin quản lý","2024","1","A00;A01;D01","25.50","Phương thức 1 – Điểm thi THPT"
"Trường Đại học Ngân hàng TP. Hồ Chí Minh","Hệ thống thông tin quản lý","2024","3","ĐGNL HCM","99.99","Phương thức 3 – Đánh giá năng lực (ĐGNL HCM)"
"Trường Đại học Ngoại thương Cơ sở II","Kinh doanh số","2024","2","A00;A01;D01","22.80","Phương thức 2 – Học bạ"
"Trường Đại học Sư phạm - Đại học Đà Nẵng","Sư phạm Toán học","2024","3","ĐGNL HCM","99.99","Phương thức 3 – Đánh giá năng lực (ĐGNL HCM)"
"Học viện Tài chính","Tài chính – Ngân hàng","2024","3","A00;A01;D01","99.99","Điểm Đánh giá năng lực ĐHQG TP.HCM"
"Trường Đại học Ngân hàng TP. Hồ Chí Minh","Kinh tế","2024","3","ĐGNL HCM","99.99","Phương thức 3 – Đánh giá năng lực (ĐGNL HCM)"
"Trường Đại học Ngoại thương Cơ sở II","Thẩm định giá","2024","2","A00;A01;D01","23.00","Phương thức 2 – Học bạ"
"Trường Đại học Sư phạm - Đại học Đà Nẵng","Ngôn ngữ Anh","2024","3","ĐGNL HCM","99.99","Phương thức 3 – Đánh giá năng lực (ĐGNL HCM)"
"Học viện Tài chính","Tài chính – Ngân hàng","2024","4","A00;A01;D01","25.90",""
"Trường Đại học Ngân hàng TP. Hồ Chí Minh","Tài chính – Ngân hàng","2024","4","A00;A01;D01 + IELTS","25.00","Phương thức 4 – Xét tuyển kết hợp"
"Trường Đại học Ngoại thương Cơ sở II","Tài chính công nghệ (FinTech)","2024","2","A00;A01;D01","23.20","Phương thức 2 – Học bạ"
"Trường Đại học Sư phạm - Đại học Đà Nẵng","Ngôn ngữ Trung Quốc","2024","3","ĐGNL HCM","99.99","Phương thức 3 – Đánh giá năng lực (ĐGNL HCM)"
"Trường Đại học Ngân hàng TP. Hồ Chí Minh","Quản trị kinh doanh","2024","4","A00;A01;D01 + IELTS","24.50","Phương thức 4 – Xét tuyển kết hợp"
"Trường Đại học Ngoại thương Cơ sở II","Tâm lý học","2024","2","A00;A01;D01","22.00","Phương thức 2 – Học bạ"
"Trường Đại học Sư phạm - Đại học Đà Nẵng","Ngôn ngữ Nhật","2024","3","ĐGNL HCM","99.99","Phương thức 3 – Đánh giá năng lực (ĐGNL HCM)"
"Trường Đại học Ngân hàng TP. Hồ Chí Minh","Kinh doanh quốc tế","2024","4","A00;A01;D01 + IELTS","24.30","Phương thức 4 – Xét tuyển kết hợp"
"Trường Đại học Ngoại thương Cơ sở II","Hệ thống thông tin quản lý","2024","2","A00;A01;D01","24.00","Phương thức 2 – Học bạ"
"Trường Đại học Sư phạm - Đại học Đà Nẵng","Ngôn ngữ Hàn","2024","3","ĐGNL HCM","99.99","Phương thức 3 – Đánh giá năng lực (ĐGNL HCM)"
"Trường Đại học Ngân hàng TP. Hồ Chí Minh","Kinh doanh thương mại","2024","4","A00;A01;D01 + IELTS","24.70","Phương thức 4 – Xét tuyển kết hợp"
"Trường Đại học Sư phạm - Đại học Đà Nẵng","Biên - Phiên dịch","2024","3","ĐGNL HCM","99.99","Phương thức 3 – Đánh giá năng lực (ĐGNL HCM)"
"Trường Đại học Ngân hàng TP. Hồ Chí Minh","Kinh doanh số","2024","4","A00;A01;D01 + IELTS","23.50","Phương thức 4 – Xét tuyển kết hợp"
"Trường Đại học Sư phạm - Đại học Đà Nẵng","Trung Quốc học","2024","3","ĐGNL HCM","99.99","Phương thức 3 – Đánh giá năng lực (ĐGNL HCM)"
"Trường Đại học Hà Nội","Ngôn ngữ Anh","2024","1","D01","27.00",""
"Trường Đại học Ngân hàng TP. Hồ Chí Minh","Thẩm định giá","2024","4","A00;A01;D01 + IELTS","23.70","Phương thức 4 – Xét tuyển kết hợp"
"Trường Đại học Sư phạm - Đại học Đà Nẵng","Nhật Bản học","2024","3","ĐGNL HCM","99.99","Phương thức 3 – Đánh giá năng lực (ĐGNL HCM)"
"Trường Đại học Hà Nội","Ngôn ngữ Anh","2024","2","D01","25.80",""
"Trường Đại học Ngân hàng TP. Hồ Chí Minh","Tài chính công nghệ (FinTech)","2024","4","A00;A01;D01 + IELTS","24.00","Phương thức 4 – Xét tuyển kết hợp"
"Trường Đại học Sư phạm - Đại học Đà Nẵng","Hàn Quốc học","2024","3","ĐGNL HCM","99.99","Phương thức 3 – Đánh giá năng lực (ĐGNL HCM)"
"Trường Đại học Hà Nội","Ngôn ngữ Anh","2024","3","D01","99.99","Điểm Đánh giá năng lực ĐHQG TP.HCM"
"Trường Đại học Ngân hàng TP. Hồ Chí Minh","Quản trị nhân lực","2024","4","A00;A01;D01 + IELTS","23.50","Phương thức 4 – Xét tuyển kết hợp"
"Trường Đại học Sư phạm - Đại học Đà Nẵng","Truyền thông đa phương tiện","2024","3","ĐGNL HCM","99.99","Phương thức 3 – Đánh giá năng lực (ĐGNL HCM)"
"Trường Đại học Hà Nội","Ngôn ngữ Anh","2024","4","D01","26.50",""
"Trường Đại học Ngân hàng TP. Hồ Chí Minh","Hệ thống thông tin quản lý","2024","4","A00;A01;D01 + IELTS","24.50","Phương thức 4 – Xét tuyển kết hợp"
"Trường Đại học Công nghệ Thông tin","Khoa học dữ liệu","2024","1","A00;A01;D01","27.00",""
"Trường Đại học Ngân hàng TP. Hồ Chí Minh","Kinh tế","2024","4","A00;A01;D01 + IELTS","24.00","Phương thức 4 – Xét tuyển kết hợp"
"Trường Đại học Công nghệ Thông tin","Khoa học dữ liệu","2024","2","A00;A01;D01","25.80",""
"Trường Đại học Kiến trúc TP. Hồ Chí Minh","Kiến trúc","2024","2","A00;A01;V00","23.50","Phương thức 2 – Học bạ"
"Trường Đại học Công nghệ Thông tin","Khoa học dữ liệu","2024","3","A00;A01;D01","99.99","Điểm Đánh giá năng lực ĐHQG TP.HCM"
"Trường Đại học Kiến trúc TP. Hồ Chí Minh","Công nghệ kỹ thuật ô tô","2024","2","A00;A01","23.00","Phương thức 2 – Học bạ"
"Trường Đại học Công nghệ Thông tin","Khoa học dữ liệu","2024","4","A00;A01;D01","26.50",""
"Trường Đại học Kiến trúc TP. Hồ Chí Minh","Kỹ thuật xây dựng công trình giao thông","2024","2","A00;A01","22.50","Phương thức 2 – Học bạ"
"Trường Đại học Công nghệ Thông tin","Hệ thống thông tin","2024","1","A00;A01;D01","26.80",""
"Trường Đại học Kiến trúc TP. Hồ Chí Minh","Kỹ thuật điện","2024","2","A00;A01","23.00","Phương thức 2 – Học bạ"
"Trường Đại học Công nghệ Thông tin","Hệ thống thông tin","2024","2","A00;A01;D01","25.50",""
"Trường Đại học Kiến trúc TP. Hồ Chí Minh","Kỹ thuật điều khiển & tự động hóa","2024","2","A00;A01","23.80","Phương thức 2 – Học bạ"
"Trường Đại học Ngoại thương Cơ sở II","Quản trị kinh doanh","2024","3","ĐGNL HCM","99.99","Phương thức 3 – Đánh giá năng lực (ĐGNL HCM)"
"Trường Đại học Công nghệ Thông tin","Hệ thống thông tin","2024","3","A00;A01;D01","99.99","Điểm Đánh giá năng lực ĐHQG TP.HCM"
"Trường Đại học Kiến trúc TP. Hồ Chí Minh","Kỹ thuật hoá học","2024","2","A00","22.00","Phương thức 2 – Học bạ"
"Trường Đại học Ngoại thương Cơ sở II","Kinh doanh quốc tế","2024","3","ĐGNL HCM","99.99","Phương thức 3 – Đánh giá năng lực (ĐGNL HCM)"
"Trường Đại học Công nghệ Thông tin","Hệ thống thông tin","2024","4","A00;A01;D01","26.20",""
"Trường Đại học Kiến trúc TP. Hồ Chí Minh","Kỹ thuật vật liệu","2024","2","A00","22.20","Phương thức 2 – Học bạ"
"Trường Đại học Ngoại thương Cơ sở II","Kinh doanh thương mại","2024","3","ĐGNL HCM","99.99","Phương thức 3 – Đánh giá năng lực (ĐGNL HCM)"
"Trường Đại học Công nghệ Thông tin","Khoa học máy tính","2024","1","A00;A01;D01","27.50",""
"Trường Đại học Kiến trúc TP. Hồ Chí Minh","Công nghệ thực phẩm","2024","2","A00;B00","21.80","Phương thức 2 – Học bạ"
"Trường Đại học Ngoại thương Cơ sở II","Tài chính – Ngân hàng","2024","3","ĐGNL HCM","99.99","Phương thức 3 – Đánh giá năng lực (ĐGNL HCM)"
"Trường Đại học Công nghệ Thông tin","Khoa học máy tính","2024","2","A00;A01;D01","26.20",""
"Trường Đại học Kiến trúc TP. Hồ Chí Minh","Minh hoạ số","2024","2","V00","21.50","Phương thức 2 – Học bạ"
"Trường Đại học Ngoại thương Cơ sở II","Quản trị nhân lực","2024","3","ĐGNL HCM","99.99","Phương thức 3 – Đánh giá năng lực (ĐGNL HCM)"
"Trường Đại học Sư phạm - Đại học Đà Nẵng","Sư phạm Toán học","2024","4","A00;A01 + IELTS","23.50","Phương thức 4 – Xét tuyển kết hợp"
"Trường Đại học Công nghệ Thông tin","Khoa học máy tính","2024","3","A00;A01;D01","99.99","Điểm Đánh giá năng lực ĐHQG TP.HCM"
"Trường Đại học Kiến trúc TP. Hồ Chí Minh","Thiết kế UI/UX","2024","2","V00","22.00","Phương thức 2 – Học bạ"
"Trường Đại học Ngoại thương Cơ sở II","Kinh doanh số","2024","3","ĐGNL HCM","99.99","Phương thức 3 – Đánh giá năng lực (ĐGNL HCM)"
"Trường Đại học Sư phạm - Đại học Đà Nẵng","Ngôn ngữ Anh","2024","4","D01 + IELTS","22.50","Phương thức 4 – Xét tuyển kết hợp"
"Trường Đại học Công nghệ Thông tin","Khoa học máy tính","2024","4","A00;A01;D01","26.90",""
"Trường Đại học Kiến trúc TP. Hồ Chí Minh","Kiến trúc","2024","3","ĐGNL HCM","99.99","Phương thức 3 – Đánh giá năng lực (ĐGNL HCM)"
"Trường Đại học Ngoại thương Cơ sở II","Thẩm định giá","2024","3","ĐGNL HCM","99.99","Phương thức 3 – Đánh giá năng lực (ĐGNL HCM)"
"Trường Đại học Sư phạm - Đại học Đà Nẵng","Ngôn ngữ Trung Quốc","2024","4","D01 + IELTS","22.30","Phương thức 4 – Xét tuyển kết hợp"
"Trường Đại học Công nghệ Thông tin","Trí tuệ nhân tạo","2024","1","A00;A01;D01","28.00",""
"Trường Đại học Kiến trúc TP. Hồ Chí Minh","Công nghệ kỹ thuật ô tô","2024","3","ĐGNL HCM","99.99","Phương thức 3 – Đánh giá năng lực (ĐGNL HCM)"
"Trường Đại học Ngoại thương Cơ sở II","Tài chính công nghệ (FinTech)","2024","3","ĐGNL HCM","99.99","Phương thức 3 – Đánh giá năng lực (ĐGNL HCM)"
"Trường Đại học Sư phạm - Đại học Đà Nẵng","Ngôn ngữ Nhật","2024","4","D01 + IELTS","22.70","Phương thức 4 – Xét tuyển kết hợp"
"Trường Đại học Công nghệ Thông tin","Trí tuệ nhân tạo","2024","2","A00;A01;D01","26.80",""
"Trường Đại học Kiến trúc TP. Hồ Chí Minh","Kỹ thuật xây dựng công trình giao thông","2024","3","ĐGNL HCM","99.99","Phương thức 3 – Đánh giá năng lực (ĐGNL HCM)"
"Trường Đại học Ngoại thương Cơ sở II","Tâm lý học","2024","3","ĐGNL HCM","99.99","Phương thức 3 – Đánh giá năng lực (ĐGNL HCM)"
"Trường Đại học Sư phạm - Đại học Đà Nẵng","Ngôn ngữ Hàn","2024","4","D01 + IELTS","22.50","Phương thức 4 – Xét tuyển kết hợp"
"Trường Đại học Công nghệ Thông tin","Trí tuệ nhân tạo","2024","3","A00;A01;D01","99.99","Điểm Đánh giá năng lực ĐHQG TP.HCM"
"Trường Đại học Kiến trúc TP. Hồ Chí Minh","Kỹ thuật điện","2024","3","ĐGNL HCM","99.99","Phương thức 3 – Đánh giá năng lực (ĐGNL HCM)"
"Trường Đại học Ngoại thương Cơ sở II","Hệ thống thông tin quản lý","2024","3","ĐGNL HCM","99.99","Phương thức 3 – Đánh giá năng lực (ĐGNL HCM)"
"Trường Đại học Sư phạm - Đại học Đà Nẵng","Biên - Phiên dịch","2024","4","D01 + IELTS","22.50","Phương thức 4 – Xét tuyển kết hợp"
"Trường Đại học Công nghệ Thông tin","Trí tuệ nhân tạo","2024","4","A00;A01;D01","27.50",""
"Trường Đại học Kiến trúc TP. Hồ Chí Minh","Kỹ thuật điều khiển & tự động hóa","2024","3","ĐGNL HCM","99.99","Phương thức 3 – Đánh giá năng lực (ĐGNL HCM)"
"Trường Đại học Sư phạm - Đại học Đà Nẵng","Trung Quốc học","2024","4","D01 + IELTS","22.00","Phương thức 4 – Xét tuyển kết hợp"
"Trường Đại học Công nghệ Thông tin","An toàn thông tin","2024","1","A00;A01;D01","27.00",""
"Trường Đại học Kiến trúc TP. Hồ Chí Minh","Kỹ thuật hoá học","2024","3","ĐGNL HCM","99.99","Phương thức 3 – Đánh giá năng lực (ĐGNL HCM)"
"Trường Đại học Sư phạm - Đại học Đà Nẵng","Nhật Bản học","2024","4","D01 + IELTS","22.00","Phương thức 4 – Xét tuyển kết hợp"
"Trường Đại học Công nghệ Thông tin","An toàn thông tin","2024","2","A00;A01;D01","25.80",""
"Trường Đại học Kiến trúc TP. Hồ Chí Minh","Kỹ thuật vật liệu","2024","3","ĐGNL HCM","99.99","Phương thức 3 – Đánh giá năng lực (ĐGNL HCM)"
"Trường Đại học Sư phạm - Đại học Đà Nẵng","Hàn Quốc học","2024","4","D01 + IELTS","22.00","Phương thức 4 – Xét tuyển kết hợp"
"Trường Đại học Công nghệ Thông tin","An toàn thông tin","2024","3","A00;A01;D01","99.99","Điểm Đánh giá năng lực ĐHQG TP.HCM"
"Trường Đại học Kiến trúc TP. Hồ Chí Minh","Công nghệ thực phẩm","2024","3","ĐGNL HCM","99.99","Phương thức 3 – Đánh giá năng lực (ĐGNL HCM)"
"Trường Đại học Sư phạm - Đại học Đà Nẵng","Truyền thông đa phương tiện","2024","4","D01 + IELTS","22.50","Phương thức 4 – Xét tuyển kết hợp"
"Trường Đại học Công nghệ Thông tin","An toàn thông tin","2024","4","A00;A01;D01","26.40",""
"Trường Đại học Kiến trúc TP. Hồ Chí Minh","Minh hoạ số","2024","3","ĐGNL HCM","99.99","Phương thức 3 – Đánh giá năng lực (ĐGNL HCM)"
"Trường Đại học Kinh tế Quốc dân","Marketing","2024","1","A00;A01;D01","26.80",""
"Trường Đại học Kiến trúc TP. Hồ Chí Minh","Thiết kế UI/UX","2024","3","ĐGNL HCM","99.99","Phương thức 3 – Đánh giá năng lực (ĐGNL HCM)"
"Trường Đại học Kinh tế Quốc dân","Marketing","2024","2","A00;A01;D01","25.50",""
"Trường Đại học Kiến trúc TP. Hồ Chí Minh","Kiến trúc","2024","4","A00;A01;V00 + IELTS","24.00","Phương thức 4 – Xét tuyển kết hợp"
"Trường Đại học Kinh tế Quốc dân","Marketing","2024","3","A00;A01;D01","99.99","Điểm Đánh giá năng lực ĐHQG TP.HCM"
"Trường Đại học Kiến trúc TP. Hồ Chí Minh","Công nghệ kỹ thuật ô tô","2024","4","A00;A01 + IELTS","23.50","Phương thức 4 – Xét tuyển kết hợp"
"Trường Đại học Kinh tế Quốc dân","Marketing","2024","4","A00;A01;D01","26.00",""
"Trường Đại học Kiến trúc TP. Hồ Chí Minh","Kỹ thuật xây dựng công trình giao thông","2024","4","A00;A01 + IELTS","23.00","Phương thức 4 – Xét tuyển kết hợp"
"Trường Đại học Bách khoa TP. Hồ Chí Minh","Kỹ thuật cơ khí","2024","1","A00;A01","25.00",""
"Trường Đại học Kiến trúc TP. Hồ Chí Minh","Kỹ thuật điện","2024","4","A00;A01 + IELTS","23.50","Phương thức 4 – Xét tuyển kết hợp"
"Trường Đại học Bách khoa TP. Hồ Chí Minh","Kỹ thuật cơ khí","2024","2","A00;A01","24.00",""
"Trường Đại học Kiến trúc TP. Hồ Chí Minh","Kỹ thuật điều khiển & tự động hóa","2024","4","A00;A01 + IELTS","24.30","Phương thức 4 – Xét tuyển kết hợp"
"Trường Đại học Ngoại thương Cơ sở II","Quản trị kinh doanh","2024","4","A00;A01;D01 + IELTS","24.50","Phương thức 4 – Xét tuyển kết hợp"
"Trường Đại học Bách khoa TP. Hồ Chí Minh","Kỹ thuật cơ khí","2024","3","A00;A01","99.99","Điểm Đánh giá năng lực ĐHQG TP.HCM"
"Trường Đại học Kiến trúc TP. Hồ Chí Minh","Kỹ thuật hoá học","2024","4","A00 + IELTS","22.50","Phương thức 4 – Xét tuyển kết hợp"
"Trường Đại học Ngoại thương Cơ sở II","Kinh doanh quốc tế","2024","4","A00;A01;D01 + IELTS","24.00","Phương thức 4 – Xét tuyển kết hợp"
"Trường Đại học Bách khoa TP. Hồ Chí Minh","Kỹ thuật cơ khí","2024","4","A00;A01","24.50",""
"Trường Đại học Kiến trúc TP. Hồ Chí Minh","Kỹ thuật vật liệu","2024","4","A00 + IELTS","22.70","Phương thức 4 – Xét tuyển kết hợp"
"Trường Đại học Ngoại thương Cơ sở II","Kinh doanh thương mại","2024","4","A00;A01;D01 + IELTS","24.70","Phương thức 4 – Xét tuyển kết hợp"
"Trường Đại học Bách khoa TP. Hồ Chí Minh","Kỹ thuật điện","2024","1","A00;A01","25.50",""
"Trường Đại học Kiến trúc TP. Hồ Chí Minh","Công nghệ thực phẩm","2024","4","A00;B00 + IELTS","22.30","Phương thức 4 – Xét tuyển kết hợp"
"Trường Đại học Ngoại thương Cơ sở II","Tài chính – Ngân hàng","2024","4","A00;A01;D01 + IELTS","24.30","Phương thức 4 – Xét tuyển kết hợp"
"Trường Đại học Bách khoa TP. Hồ Chí Minh","Kỹ thuật điện","2024","2","A00;A01","24.50",""
"Trường Đại học Kiến trúc TP. Hồ Chí Minh","Minh hoạ số","2024","4","V00 + IELTS","22.00","Phương thức 4 – Xét tuyển kết hợp"
"Trường Đại học Ngoại thương Cơ sở II","Quản trị nhân lực","2024","4","A00;A01;D01 + IELTS","23.50","Phương thức 4 – Xét tuyển kết hợp"
"Trường Đại học Công nghệ Đồng Nai","Khoa học dữ liệu và phân tích kinh doanh","2024","2","A00;A01","23.00","Phương thức 2 – Học bạ"
"Trường Đại học Bách khoa TP. Hồ Chí Minh","Kỹ thuật điện","2024","3","A00;A01","99.99","Điểm Đánh giá năng lực ĐHQG TP.HCM"
"Trường Đại học Kiến trúc TP. Hồ Chí Minh","Thiết kế UI/UX","2024","4","V00 + IELTS","22.50","Phương thức 4 – Xét tuyển kết hợp"
"Trường Đại học Ngoại thương Cơ sở II","Kinh doanh số","2024","4","A00;A01;D01 + IELTS","23.30","Phương thức 4 – Xét tuyển kết hợp"
"Trường Đại học Công nghệ Đồng Nai","Kinh doanh thương mại","2024","2","A00;A01;D01","22.00","Phương thức 2 – Học bạ"
"Trường Đại học Bách khoa TP. Hồ Chí Minh","Kỹ thuật điện","2024","4","A00;A01","25.00",""
"Trường Đại học Giao thông Vận tải TP.HCM","Logistics và quản lý chuỗi cung ứng","2024","2","A00;A01","22.00","Phương thức 2 – Học bạ"
"Trường Đại học Ngoại thương Cơ sở II","Thẩm định giá","2024","4","A00;A01;D01 + IELTS","23.50","Phương thức 4 – Xét tuyển kết hợp"
"Trường Đại học Công nghệ Đồng Nai","Kinh doanh số","2024","2","A00;A01;D01","21.80","Phương thức 2 – Học bạ"
"Trường Đại học Bách khoa TP. Hồ Chí Minh","Kiến trúc","2024","1","A00;A01","25.00",""
"Trường Đại học Giao thông Vận tải TP.HCM","Vận tải biển","2024","2","A00","21.80","Phương thức 2 – Học bạ"
"Trường Đại học Ngoại thương Cơ sở II","Tài chính công nghệ (FinTech)","2024","4","A00;A01;D01 + IELTS","23.70","Phương thức 4 – Xét tuyển kết hợp"
"Trường Đại học Công nghệ Đồng Nai","Quản trị nhân lực","2024","2","A00;A01;D01","21.80","Phương thức 2 – Học bạ"
"Trường Đại học Bách khoa TP. Hồ Chí Minh","Kiến trúc","2024","2","A00;A01","24.00",""
"Trường Đại học Giao thông Vận tải TP.HCM","Quản lý vận tải đa phương thức","2024","2","A00","21.50","Phương thức 2 – Học bạ"
"Trường Đại học Ngoại thương Cơ sở II","Tâm lý học","2024","4","A00;A01;D01 + IELTS","22.50","Phương thức 4 – Xét tuyển kết hợp"
"Trường Đại học Công nghệ Đồng Nai","Công nghệ kỹ thuật ô tô","2024","2","A00;A01","22.50","Phương thức 2 – Học bạ"
"Trường Đại học Bách khoa TP. Hồ Chí Minh","Kiến trúc","2024","3","A00;A01","99.99","Điểm Đánh giá năng lực ĐHQG TP.HCM"
"Trường Đại học Giao thông Vận tải TP.HCM","Khai thác cảng","2024","2","A00","21.50","Phương thức 2 – Học bạ"
"Trường Đại học Ngoại thương Cơ sở II","Hệ thống thông tin quản lý","2024","4","A00;A01;D01 + IELTS","24.50","Phương thức 4 – Xét tuyển kết hợp"
"Trường Đại học Công nghệ Đồng Nai","Kỹ thuật cơ khí","2024","2","A00;A01","22.50","Phương thức 2 – Học bạ"
"Trường Đại học Bách khoa TP. Hồ Chí Minh","Kiến trúc","2024","4","A00;A01","24.50",""
"Trường Đại học Giao thông Vận tải TP.HCM","Kỹ thuật địa chất","2024","2","A00","21.00","Phương thức 2 – Học bạ"
"Trường Đại học Công nghệ Đồng Nai","Kỹ thuật điện","2024","2","A00;A01","22.50","Phương thức 2 – Học bạ"
"Trường Đại học Bách khoa TP. Hồ Chí Minh","Công nghệ kỹ thuật ô tô","2024","1","A00;A01","25.80",""
"Trường Đại học Giao thông Vận tải TP.HCM","Kỹ thuật trắc địa – bản đồ","2024","2","A00","21.00","Phương thức 2 – Học bạ"
"Trường Đại học Công nghệ Đồng Nai","Kiến trúc","2024","2","A00","22.50","Phương thức 2 – Học bạ"
"Trường Đại học Bách khoa TP. Hồ Chí Minh","Công nghệ kỹ thuật ô tô","2024","2","A00;A01","24.80",""
"Trường Đại học Giao thông Vận tải TP.HCM","Thương mại điện tử xuyên biên giới","2024","2","A00;A01","22.50","Phương thức 2 – Học bạ"
"Trường Đại học Công nghệ Đồng Nai","Truyền thông đa phương tiện","2024","2","D01","21.80","Phương thức 2 – Học bạ"
"Trường Đại học Bách khoa TP. Hồ Chí Minh","Công nghệ kỹ thuật ô tô","2024","3","A00;A01","99.99","Điểm Đánh giá năng lực ĐHQG TP.HCM"
"Trường Đại học Giao thông Vận tải TP.HCM","Quản trị bán lẻ","2024","2","A00;A01;D01","22.50","Phương thức 2 – Học bạ"
"Trường Đại học Công nghệ Đồng Nai","Thiết kế đồ hoạ","2024","2","V00","21.30","Phương thức 2 – Học bạ"
"Trường Đại học Bách khoa TP. Hồ Chí Minh","Công nghệ kỹ thuật ô tô","2024","4","A00;A01","25.30",""
"Trường Đại học Giao thông Vận tải TP.HCM","Quản trị chuỗi cung ứng toàn cầu","2024","2","A00;A01;D01","22.50","Phương thức 2 – Học bạ"
"Trường Đại học Giao thông Vận tải TP.HCM","Logistics hàng không","2024","2","A00","21.80","Phương thức 2 – Học bạ"
"Trường Đại học Giao thông Vận tải TP.HCM","Logistics và quản lý chuỗi cung ứng","2024","3","ĐGNL HCM","99.99","Phương thức 3 – Đánh giá năng lực (ĐGNL HCM)"
"Trường Đại học Giao thông Vận tải TP.HCM","Vận tải biển","2024","3","ĐGNL HCM","99.99","Phương thức 3 – Đánh giá năng lực (ĐGNL HCM)"
"Trường Đại học Giao thông Vận tải TP.HCM","Quản lý vận tải đa phương thức","2024","3","ĐGNL HCM","99.99","Phương thức 3 – Đánh giá năng lực (ĐGNL HCM)"
"Trường Đại học Giao thông Vận tải TP.HCM","Khai thác cảng","2024","3","ĐGNL HCM","99.99","Phương thức 3 – Đánh giá năng lực (ĐGNL HCM)"
"Trường Đại học Giao thông Vận tải TP.HCM","Kỹ thuật địa chất","2024","3","ĐGNL HCM","99.99","Phương thức 3 – Đánh giá năng lực (ĐGNL HCM)"
"Trường Đại học Sư phạm Kỹ thuật Hưng Yên","Kỹ thuật cơ điện tử","2024","2","A00","22.50","Phương thức 2 – Học bạ"
"Trường Đại học Giao thông Vận tải TP.HCM","Kỹ thuật trắc địa – bản đồ","2024","3","ĐGNL HCM","99.99","Phương thức 3 – Đánh giá năng lực (ĐGNL HCM)"
"Trường Đại học Sư phạm Kỹ thuật Hưng Yên","Kỹ thuật cơ điện lạnh","2024","2","A00","21.80","Phương thức 2 – Học bạ"
"Trường Đại học Giao thông Vận tải TP.HCM","Thương mại điện tử xuyên biên giới","2024","3","ĐGNL HCM","99.99","Phương thức 3 – Đánh giá năng lực (ĐGNL HCM)"
"Trường Đại học Sư phạm Kỹ thuật Hưng Yên","Kỹ thuật cơ khí","2024","2","A00","22.00","Phương thức 2 – Học bạ"
"Trường Đại học Giao thông Vận tải TP.HCM","Quản trị bán lẻ","2024","3","ĐGNL HCM","99.99","Phương thức 3 – Đánh giá năng lực (ĐGNL HCM)"
"Trường Đại học Sư phạm Kỹ thuật Hưng Yên","Kỹ thuật điện","2024","2","A00","22.20","Phương thức 2 – Học bạ"
"Trường Đại học Giao thông Vận tải TP.HCM","Quản trị chuỗi cung ứng toàn cầu","2024","3","ĐGNL HCM","99.99","Phương thức 3 – Đánh giá năng lực (ĐGNL HCM)"
"Trường Đại học Sư phạm Kỹ thuật Hưng Yên","Kỹ thuật điều khiển & tự động hóa","2024","2","A00","22.80","Phương thức 2 – Học bạ"
"Trường Đại học Công nghệ Đồng Nai","Khoa học dữ liệu và phân tích kinh doanh","2024","3","ĐGNL HCM","99.99","Phương thức 3 – Đánh giá năng lực (ĐGNL HCM)"
"Trường Đại học Giao thông Vận tải TP.HCM","Logistics hàng không","2024","3","ĐGNL HCM","99.99","Phương thức 3 – Đánh giá năng lực (ĐGNL HCM)"
"Trường Đại học Sư phạm Kỹ thuật Hưng Yên","Công nghệ kỹ thuật ô tô","2024","2","A00","22.50","Phương thức 2 – Học bạ"
"Trường Đại học Công nghệ Đồng Nai","Kinh doanh thương mại","2024","3","ĐGNL HCM","99.99","Phương thức 3 – Đánh giá năng lực (ĐGNL HCM)"
"Trường Đại học Giao thông Vận tải TP.HCM","Logistics và quản lý chuỗi cung ứng","2024","4","A00;A01 + IELTS","22.50","Phương thức 4 – Xét tuyển kết hợp"
"Trường Đại học Sư phạm Kỹ thuật Hưng Yên","Kỹ thuật hoá học","2024","2","A00","21.80","Phương thức 2 – Học bạ"
"Trường Đại học Công nghệ Đồng Nai","Kinh doanh số","2024","3","ĐGNL HCM","99.99","Phương thức 3 – Đánh giá năng lực (ĐGNL HCM)"
"Trường Đại học Giao thông Vận tải TP.HCM","Vận tải biển","2024","4","A00 + IELTS","22.30","Phương thức 4 – Xét tuyển kết hợp"
"Trường Đại học Sư phạm Kỹ thuật Hưng Yên","Kỹ thuật vật liệu","2024","2","A00","21.80","Phương thức 2 – Học bạ"
"Trường Đại học Công nghệ Đồng Nai","Quản trị nhân lực","2024","3","ĐGNL HCM","99.99","Phương thức 3 – Đánh giá năng lực (ĐGNL HCM)"
"Trường Đại học Giao thông Vận tải TP.HCM","Quản lý vận tải đa phương thức","2024","4","A00 + IELTS","22.00","Phương thức 4 – Xét tuyển kết hợp"
"Trường Đại học Sư phạm Kỹ thuật Hưng Yên","Quản lý công nghiệp","2024","2","A00","21.50","Phương thức 2 – Học bạ"
"Trường Đại học Công nghệ Đồng Nai","Công nghệ kỹ thuật ô tô","2024","3","ĐGNL HCM","99.99","Phương thức 3 – Đánh giá năng lực (ĐGNL HCM)"
"Trường Đại học Giao thông Vận tải TP.HCM","Khai thác cảng","2024","4","A00 + IELTS","22.00","Phương thức 4 – Xét tuyển kết hợp"
"Trường Đại học Sư phạm Kỹ thuật Hưng Yên","Công nghệ thực phẩm","2024","2","A00;B00","21.50","Phương thức 2 – Học bạ"
"Trường Đại học Công nghệ Đồng Nai","Kỹ thuật cơ khí","2024","3","ĐGNL HCM","99.99","Phương thức 3 – Đánh giá năng lực (ĐGNL HCM)"
"Trường Đại học Giao thông Vận tải TP.HCM","Kỹ thuật địa chất","2024","4","A00 + IELTS","21.50","Phương thức 4 – Xét tuyển kết hợp"
"Trường Đại học Công nghệ Đồng Nai","Kỹ thuật điện","2024","3","ĐGNL HCM","99.99","Phương thức 3 – Đánh giá năng lực (ĐGNL HCM)"
"Trường Đại học Giao thông Vận tải TP.HCM","Kỹ thuật trắc địa – bản đồ","2024","4","A00 + IELTS","21.50","Phương thức 4 – Xét tuyển kết hợp"
"Trường Đại học Công nghệ Đồng Nai","Kiến trúc","2024","3","ĐGNL HCM","99.99","Phương thức 3 – Đánh giá năng lực (ĐGNL HCM)"
"Trường Đại học Giao thông Vận tải TP.HCM","Thương mại điện tử xuyên biên giới","2024","4","A00;A01 + IELTS","23.00","Phương thức 4 – Xét tuyển kết hợp"
"Trường Đại học Công nghệ Đồng Nai","Truyền thông đa phương tiện","2024","3","ĐGNL HCM","99.99","Phương thức 3 – Đánh giá năng lực (ĐGNL HCM)"
"Trường Đại học Giao thông Vận tải TP.HCM","Quản trị bán lẻ","2024","4","A00;A01;D01 + IELTS","23.00","Phương thức 4 – Xét tuyển kết hợp"
"Trường Đại học Công nghệ Đồng Nai","Thiết kế đồ hoạ","2024","3","ĐGNL HCM","99.99","Phương thức 3 – Đánh giá năng lực (ĐGNL HCM)"
"Trường Đại học Giao thông Vận tải TP.HCM","Quản trị chuỗi cung ứng toàn cầu","2024","4","A00;A01;D01 + IELTS","23.00","Phương thức 4 – Xét tuyển kết hợp"
"Trường Đại học Giao thông Vận tải TP.HCM","Logistics hàng không","2024","4","A00 + IELTS","22.30","Phương thức 4 – Xét tuyển kết hợp"
"Trường Đại học Sư phạm Kỹ thuật Hưng Yên","Kỹ thuật cơ điện tử","2024","3","ĐGNL HCM","99.99","Phương thức 3 – Đánh giá năng lực (ĐGNL HCM)"
"Trường Đại học Sư phạm Kỹ thuật Hưng Yên","Kỹ thuật cơ điện lạnh","2024","3","ĐGNL HCM","99.99","Phương thức 3 – Đánh giá năng lực (ĐGNL HCM)"
"Trường Đại học Sư phạm Kỹ thuật Hưng Yên","Kỹ thuật cơ khí","2024","3","ĐGNL HCM","99.99","Phương thức 3 – Đánh giá năng lực (ĐGNL HCM)"
"Trường Đại học Sư phạm Kỹ thuật Hưng Yên","Kỹ thuật điện","2024","3","ĐGNL HCM","99.99","Phương thức 3 – Đánh giá năng lực (ĐGNL HCM)"
"Trường Đại học Sư phạm Kỹ thuật Hưng Yên","Kỹ thuật điều khiển & tự động hóa","2024","3","ĐGNL HCM","99.99","Phương thức 3 – Đánh giá năng lực (ĐGNL HCM)"
"Trường Đại học Công nghệ Đồng Nai","Khoa học dữ liệu và phân tích kinh doanh","2024","4","A00;A01 + IELTS","23.50","Phương thức 4 – Xét tuyển kết hợp"
"Trường Đại học Sư phạm Kỹ thuật Hưng Yên","Công nghệ kỹ thuật ô tô","2024","3","ĐGNL HCM","99.99","Phương thức 3 – Đánh giá năng lực (ĐGNL HCM)"
"Trường Đại học Công nghệ Đồng Nai","Kinh doanh thương mại","2024","4","A00;A01;D01 + IELTS","22.50","Phương thức 4 – Xét tuyển kết hợp"
"Trường Đại học Sư phạm Kỹ thuật Hưng Yên","Kỹ thuật hoá học","2024","3","ĐGNL HCM","99.99","Phương thức 3 – Đánh giá năng lực (ĐGNL HCM)"
"Trường Đại học Công nghệ Đồng Nai","Kinh doanh số","2024","4","A00;A01;D01 + IELTS","22.30","Phương thức 4 – Xét tuyển kết hợp"
"Trường Đại học Sư phạm Kỹ thuật Hưng Yên","Kỹ thuật vật liệu","2024","3","ĐGNL HCM","99.99","Phương thức 3 – Đánh giá năng lực (ĐGNL HCM)"
"Trường Đại học Công nghệ Đồng Nai","Quản trị nhân lực","2024","4","A00;A01;D01 + IELTS","22.30","Phương thức 4 – Xét tuyển kết hợp"
"Trường Đại học Sư phạm Kỹ thuật Hưng Yên","Quản lý công nghiệp","2024","3","ĐGNL HCM","99.99","Phương thức 3 – Đánh giá năng lực (ĐGNL HCM)"
"Trường Đại học Công nghệ Đồng Nai","Công nghệ kỹ thuật ô tô","2024","4","A00;A01 + IELTS","23.00","Phương thức 4 – Xét tuyển kết hợp"
"Trường Đại học Sư phạm Kỹ thuật Hưng Yên","Công nghệ thực phẩm","2024","3","ĐGNL HCM","99.99","Phương thức 3 – Đánh giá năng lực (ĐGNL HCM)"
"Trường Đại học Công nghệ Đồng Nai","Kỹ thuật cơ khí","2024","4","A00;A01 + IELTS","23.00","Phương thức 4 – Xét tuyển kết hợp"
"Trường Đại học Công nghệ Đồng Nai","Kỹ thuật điện","2024","4","A00;A01 + IELTS","23.00","Phương thức 4 – Xét tuyển kết hợp"
"Trường Đại học Công nghệ Đồng Nai","Kiến trúc","2024","4","A00 + IELTS","23.00","Phương thức 4 – Xét tuyển kết hợp"
"Trường Đại học Công nghệ Đồng Nai","Truyền thông đa phương tiện","2024","4","D01 + IELTS","22.30","Phương thức 4 – Xét tuyển kết hợp"
"Trường Đại học Công nghệ Đồng Nai","Thiết kế đồ hoạ","2024","4","V00 + IELTS","21.80","Phương thức 4 – Xét tuyển kết hợp"
"Trường Đại học Sư phạm Kỹ thuật Hưng Yên","Kỹ thuật cơ điện tử","2024","4","A00 + IELTS","23.00","Phương thức 4 – Xét tuyển kết hợp"
"Trường Đại học Sư phạm Kỹ thuật Hưng Yên","Kỹ thuật cơ điện lạnh","2024","4","A00 + IELTS","22.30","Phương thức 4 – Xét tuyển kết hợp"
"Trường Đại học Sư phạm Kỹ thuật Hưng Yên","Kỹ thuật cơ khí","2024","4","A00 + IELTS","22.50","Phương thức 4 – Xét tuyển kết hợp"
"Trường Đại học Sư phạm Kỹ thuật Hưng Yên","Kỹ thuật điện","2024","4","A00 + IELTS","22.70","Phương thức 4 – Xét tuyển kết hợp"
"Trường Đại học Sư phạm Kỹ thuật Hưng Yên","Kỹ thuật điều khiển & tự động hóa","2024","4","A00 + IELTS","23.30","Phương thức 4 – Xét tuyển kết hợp"
"Trường Đại học Khoa học Tự nhiên, ĐHQG-HCM","Khí tượng – Thủy văn","2024","1","A00;B00","23.50","Phương thức 1 – Điểm thi THPT"
"Trường Đại học Sư phạm Kỹ thuật Hưng Yên","Công nghệ kỹ thuật ô tô","2024","4","A00 + IELTS","23.00","Phương thức 4 – Xét tuyển kết hợp"
"Trường Đại học Khoa học Tự nhiên, ĐHQG-HCM","Khoa học Trái đất và hệ thông tin địa lý","2024","1","A00;B00","24.00","Phương thức 1 – Điểm thi THPT"
"Trường Đại học Sư phạm Kỹ thuật Hưng Yên","Kỹ thuật hoá học","2024","4","A00 + IELTS","22.30","Phương thức 4 – Xét tuyển kết hợp"
"Trường Đại học Khoa học Tự nhiên, ĐHQG-HCM","Khoa học dữ liệu","2024","1","A00;A01","26.00","Phương thức 1 – Điểm thi THPT"
"Trường Đại học Sư phạm Kỹ thuật Hưng Yên","Kỹ thuật vật liệu","2024","4","A00 + IELTS","22.30","Phương thức 4 – Xét tuyển kết hợp"
"Trường Đại học Khoa học Tự nhiên, ĐHQG-HCM","Mạng máy tính và truyền thông dữ liệu","2024","1","A00;A01","25.00","Phương thức 1 – Điểm thi THPT"
"Trường Đại học Sư phạm Kỹ thuật Hưng Yên","Quản lý công nghiệp","2024","4","A00 + IELTS","22.00","Phương thức 4 – Xét tuyển kết hợp"
"Trường Đại học Khoa học Tự nhiên, ĐHQG-HCM","Quốc tế học","2024","1","D01;D14","23.00","Phương thức 1 – Điểm thi THPT"
"Trường Đại học Sư phạm Kỹ thuật Hưng Yên","Công nghệ thực phẩm","2024","4","A00;B00 + IELTS","22.00","Phương thức 4 – Xét tuyển kết hợp"
"Trường Đại học Khoa học Tự nhiên, ĐHQG-HCM","Truyền thông đa phương tiện","2024","1","D01","23.50","Phương thức 1 – Điểm thi THPT"
"Trường Đại học Khoa học Tự nhiên, ĐHQG-HCM","Thiết kế đồ hoạ","2024","1","V00","22.50","Phương thức 1 – Điểm thi THPT"
"Trường Đại học Kinh tế - Tài chính TP. HCM (UEF)","Quản trị kinh doanh","2024","1","A00;A01;D01","24.50","Phương thức 1 – Điểm thi THPT"
"Trường Đại học Kinh tế - Tài chính TP. HCM (UEF)","Kinh doanh quốc tế","2024","1","A00;A01;D01","24.00","Phương thức 1 – Điểm thi THPT"
"Trường Đại học Kinh tế - Tài chính TP. HCM (UEF)","Kinh doanh thương mại","2024","1","A00;A01;D01","24.80","Phương thức 1 – Điểm thi THPT"
"Trường Đại học Kinh tế - Tài chính TP. HCM (UEF)","Tài chính – Ngân hàng","2024","1","A00;A01;D01","24.20","Phương thức 1 – Điểm thi THPT"
"Trường Đại học Kinh tế - Tài chính TP. HCM (UEF)","Quản trị nhân lực","2024","1","A00;A01;D01","23.50","Phương thức 1 – Điểm thi THPT"
"Trường Đại học Kinh tế - Tài chính TP. HCM (UEF)","Kinh doanh số","2024","1","A00;A01;D01","23.00","Phương thức 1 – Điểm thi THPT"
"Trường Đại học Kinh tế - Tài chính TP. HCM (UEF)","Thẩm định giá","2024","1","A00;A01;D01","23.50","Phương thức 1 – Điểm thi THPT"
"Trường Đại học Kinh tế - Tài chính TP. HCM (UEF)","Tài chính công nghệ (FinTech)","2024","1","A00;A01;D01","24.00","Phương thức 1 – Điểm thi THPT"
"Trường Đại học Kinh tế - Tài chính TP. HCM (UEF)","Tâm lý học","2024","1","A00;A01;D01","22.50","Phương thức 1 – Điểm thi THPT"
"Trường Đại học Bách khoa - Đại học Đà Nẵng","Kỹ thuật cơ khí","2024","2","A00","24.00","Phương thức 2 – Học bạ"
"Trường Đại học Kinh tế - Tài chính TP. HCM (UEF)","Hệ thống thông tin quản lý","2024","1","A00;A01;D01","24.50","Phương thức 1 – Điểm thi THPT"
"Trường Đại học Bách khoa - Đại học Đà Nẵng","Kỹ thuật điện","2024","2","A00","24.20","Phương thức 2 – Học bạ"
"Trường Đại học Ngân hàng TP. Hồ Chí Minh","Tài chính – Ngân hàng","2024","1","A00;A01;D01","25.50","Phương thức 1 – Điểm thi THPT"
"Trường Đại học Bách khoa - Đại học Đà Nẵng","Kỹ thuật điều khiển & tự động hóa","2024","2","A00","25.00","Phương thức 2 – Học bạ"
"Trường Đại học Ngân hàng TP. Hồ Chí Minh","Quản trị kinh doanh","2024","1","A00;A01;D01","25.00","Phương thức 1 – Điểm thi THPT"
"Trường Đại học Bách khoa - Đại học Đà Nẵng","Kỹ thuật môi trường","2024","2","A00","22.50","Phương thức 2 – Học bạ"
"Trường Đại học Ngân hàng TP. Hồ Chí Minh","Kinh doanh quốc tế","2024","1","A00;A01;D01","24.80","Phương thức 1 – Điểm thi THPT"
"Trường Đại học Bách khoa - Đại học Đà Nẵng","Công nghệ thực phẩm","2024","2","A00;B00","22.50","Phương thức 2 – Học bạ"
"Trường Đại học Ngân hàng TP. Hồ Chí Minh","Kinh doanh thương mại","2024","1","A00;A01;D01","25.20","Phương thức 1 – Điểm thi THPT"
"Trường Đại học Bách khoa - Đại học Đà Nẵng","Kiến trúc","2024","2","A00","23.50","Phương thức 2 – Học bạ"
"Trường Đại học Ngân hàng TP. Hồ Chí Minh","Kinh doanh số","2024","1","A00;A01;D01","24.00","Phương thức 1 – Điểm thi THPT"
"Trường Đại học Bách khoa - Đại học Đà Nẵng","Công nghệ kỹ thuật ô tô","2024","2","A00","24.00","Phương thức 2 – Học bạ"
"Trường Đại học Ngân hàng TP. Hồ Chí Minh","Thẩm định giá","2024","1","A00;A01;D01","24.20","Phương thức 1 – Điểm thi THPT"
"Trường Đại học Bách khoa - Đại học Đà Nẵng","Kỹ thuật địa chất","2024","2","A00","22.00","Phương thức 2 – Học bạ"
"Trường Đại học Ngân hàng TP. Hồ Chí Minh","Tài chính công nghệ (FinTech)","2024","1","A00;A01;D01","24.50","Phương thức 1 – Điểm thi THPT"
"Trường Đại học Bách khoa - Đại học Đà Nẵng","Kỹ thuật trắc địa – bản đồ","2024","2","A00","22.00","Phương thức 2 – Học bạ"
"Trường Đại học Ngân hàng TP. Hồ Chí Minh","Quản trị nhân lực","2024","1","A00;A01;D01","24.00","Phương thức 1 – Điểm thi THPT"
"Trường Đại học Bách khoa - Đại học Đà Nẵng","Logistics và quản lý chuỗi cung ứng","2024","2","A00;A01","22.50","Phương thức 2 – Học bạ"
"Trường Đại học Ngân hàng TP. Hồ Chí Minh","Hệ thống thông tin quản lý","2024","1","A00;A01;D01","25.00","Phương thức 1 – Điểm thi THPT"
"Trường Đại học Ngân hàng TP. Hồ Chí Minh","Kinh tế","2024","1","A00;A01;D01","24.50","Phương thức 1 – Điểm thi THPT"
"Trường Đại học Kiến trúc TP. Hồ Chí Minh","Kiến trúc","2024","1","A00;A01;V00","24.50","Phương thức 1 – Điểm thi THPT"
"Trường Đại học Kiến trúc TP. Hồ Chí Minh","Công nghệ kỹ thuật ô tô","2024","1","A00;A01","24.00","Phương thức 1 – Điểm thi THPT"
"Trường Đại học Kiến trúc TP. Hồ Chí Minh","Kỹ thuật xây dựng công trình giao thông","2024","1","A00;A01","23.50","Phương thức 1 – Điểm thi THPT"
"Trường Đại học Kiến trúc TP. Hồ Chí Minh","Kỹ thuật điện","2024","1","A00;A01","24.00","Phương thức 1 – Điểm thi THPT"
"Trường Đại học Kiến trúc TP. Hồ Chí Minh","Kỹ thuật điều khiển & tự động hóa","2024","1","A00;A01","24.80","Phương thức 1 – Điểm thi THPT"
"Trường Đại học Kiến trúc TP. Hồ Chí Minh","Kỹ thuật hoá học","2024","1","A00","23.00","Phương thức 1 – Điểm thi THPT"
"Trường Đại học Kiến trúc TP. Hồ Chí Minh","Kỹ thuật vật liệu","2024","1","A00","23.20","Phương thức 1 – Điểm thi THPT"
"Trường Đại học Kiến trúc TP. Hồ Chí Minh","Công nghệ thực phẩm","2024","1","A00;B00","22.80","Phương thức 1 – Điểm thi THPT"
"Trường Đại học Kiến trúc TP. Hồ Chí Minh","Minh hoạ số","2024","1","V00","22.50","Phương thức 1 – Điểm thi THPT"
"Trường Đại học Bách khoa - Đại học Đà Nẵng","Kỹ thuật cơ khí","2024","3","ĐGNL HCM","99.99","Phương thức 3 – Đánh giá năng lực (ĐGNL HCM)"
"Trường Đại học Kiến trúc TP. Hồ Chí Minh","Thiết kế UI/UX","2024","1","V00","23.00","Phương thức 1 – Điểm thi THPT"
"Trường Đại học Bách khoa - Đại học Đà Nẵng","Kỹ thuật điện","2024","3","ĐGNL HCM","99.99","Phương thức 3 – Đánh giá năng lực (ĐGNL HCM)"
"Trường Đại học Giao thông Vận tải TP.HCM","Logistics và quản lý chuỗi cung ứng","2024","1","A00;A01","23.00","Phương thức 1 – Điểm thi THPT"
"Trường Đại học Bách khoa - Đại học Đà Nẵng","Kỹ thuật điều khiển & tự động hóa","2024","3","ĐGNL HCM","99.99","Phương thức 3 – Đánh giá năng lực (ĐGNL HCM)"
"Trường Đại học Giao thông Vận tải TP.HCM","Vận tải biển","2024","1","A00","22.80","Phương thức 1 – Điểm thi THPT"
"Trường Đại học Bách khoa - Đại học Đà Nẵng","Kỹ thuật môi trường","2024","3","ĐGNL HCM","99.99","Phương thức 3 – Đánh giá năng lực (ĐGNL HCM)"
"Trường Đại học Giao thông Vận tải TP.HCM","Quản lý vận tải đa phương thức","2024","1","A00","22.50","Phương thức 1 – Điểm thi THPT"
"Trường Đại học Bách khoa - Đại học Đà Nẵng","Công nghệ thực phẩm","2024","3","ĐGNL HCM","99.99","Phương thức 3 – Đánh giá năng lực (ĐGNL HCM)"
"Trường Đại học Giao thông Vận tải TP.HCM","Khai thác cảng","2024","1","A00","22.50","Phương thức 1 – Điểm thi THPT"
"Trường Đại học Bách khoa - Đại học Đà Nẵng","Kiến trúc","2024","3","ĐGNL HCM","99.99","Phương thức 3 – Đánh giá năng lực (ĐGNL HCM)"
"Trường Đại học Giao thông Vận tải TP.HCM","Kỹ thuật địa chất","2024","1","A00","22.00","Phương thức 1 – Điểm thi THPT"
"Trường Đại học Bách khoa - Đại học Đà Nẵng","Công nghệ kỹ thuật ô tô","2024","3","ĐGNL HCM","99.99","Phương thức 3 – Đánh giá năng lực (ĐGNL HCM)"
"Trường Đại học Giao thông Vận tải TP.HCM","Kỹ thuật trắc địa – bản đồ","2024","1","A00","22.00","Phương thức 1 – Điểm thi THPT"
"Trường Đại học Bách khoa - Đại học Đà Nẵng","Kỹ thuật địa chất","2024","3","ĐGNL HCM","99.99","Phương thức 3 – Đánh giá năng lực (ĐGNL HCM)"
"Trường Đại học Giao thông Vận tải TP.HCM","Thương mại điện tử xuyên biên giới","2024","1","A00;A01","23.50","Phương thức 1 – Điểm thi THPT"
"Trường Đại học Bách khoa - Đại học Đà Nẵng","Kỹ thuật trắc địa – bản đồ","2024","3","ĐGNL HCM","99.99","Phương thức 3 – Đánh giá năng lực (ĐGNL HCM)"
"Trường Đại học Giao thông Vận tải TP.HCM","Quản trị bán lẻ","2024","1","A00;A01;D01","23.50","Phương thức 1 – Điểm thi THPT"
"Trường Đại học Bách khoa - Đại học Đà Nẵng","Logistics và quản lý chuỗi cung ứng","2024","3","ĐGNL HCM","99.99","Phương thức 3 – Đánh giá năng lực (ĐGNL HCM)"
"Trường Đại học Giao thông Vận tải TP.HCM","Quản trị chuỗi cung ứng toàn cầu","2024","1","A00;A01;D01","23.50","Phương thức 1 – Điểm thi THPT"
"Trường Đại học Giao thông Vận tải TP.HCM","Logistics hàng không","2024","1","A00","22.80","Phương thức 1 – Điểm thi THPT"
"Trường Đại học Ngoại thương Cơ sở II","Quản trị kinh doanh","2024","1","A00;A01;D01","25.00","Phương thức 1 – Điểm thi THPT"
"Trường Đại học Ngoại thương Cơ sở II","Kinh doanh quốc tế","2024","1","A00;A01;D01","24.50","Phương thức 1 – Điểm thi THPT"
"Trường Đại học Ngoại thương Cơ sở II","Kinh doanh thương mại","2024","1","A00;A01;D01","25.20","Phương thức 1 – Điểm thi THPT"
"Trường Đại học Ngoại thương Cơ sở II","Tài chính – Ngân hàng","2024","1","A00;A01;D01","24.80","Phương thức 1 – Điểm thi THPT"
"Trường Đại học Ngoại thương Cơ sở II","Quản trị nhân lực","2024","1","A00;A01;D01","24.00","Phương thức 1 – Điểm thi THPT"
"Trường Đại học Ngoại thương Cơ sở II","Kinh doanh số","2024","1","A00;A01;D01","23.80","Phương thức 1 – Điểm thi THPT"
"Trường Đại học Ngoại thương Cơ sở II","Thẩm định giá","2024","1","A00;A01;D01","24.00","Phương thức 1 – Điểm thi THPT"
"Trường Đại học Ngoại thương Cơ sở II","Tài chính công nghệ (FinTech)","2024","1","A00;A01;D01","24.20","Phương thức 1 – Điểm thi THPT"
"Trường Đại học Ngoại thương Cơ sở II","Tâm lý học","2024","1","A00;A01;D01","23.00","Phương thức 1 – Điểm thi THPT"
"Trường Đại học Bách khoa - Đại học Đà Nẵng","Kỹ thuật cơ khí","2024","4","A00 + IELTS","24.50","Phương thức 4 – Xét tuyển kết hợp"
"Trường Đại học Ngoại thương Cơ sở II","Hệ thống thông tin quản lý","2024","1","A00;A01;D01","25.00","Phương thức 1 – Điểm thi THPT"
"Trường Đại học Bách khoa - Đại học Đà Nẵng","Kỹ thuật điện","2024","4","A00 + IELTS","24.70","Phương thức 4 – Xét tuyển kết hợp"
"Trường Đại học Sư phạm Kỹ thuật Hưng Yên","Kỹ thuật cơ điện tử","2024","1","A00","23.50","Phương thức 1 – Điểm thi THPT"
"Trường Đại học Bách khoa - Đại học Đà Nẵng","Kỹ thuật điều khiển & tự động hóa","2024","4","A00 + IELTS","25.50","Phương thức 4 – Xét tuyển kết hợp"
"Trường Đại học Sư phạm Kỹ thuật Hưng Yên","Kỹ thuật cơ điện lạnh","2024","1","A00","22.80","Phương thức 1 – Điểm thi THPT"
"Trường Đại học Bách khoa - Đại học Đà Nẵng","Kỹ thuật môi trường","2024","4","A00 + IELTS","23.00","Phương thức 4 – Xét tuyển kết hợp"
"Trường Đại học Sư phạm Kỹ thuật Hưng Yên","Kỹ thuật cơ khí","2024","1","A00","23.00","Phương thức 1 – Điểm thi THPT"
"Trường Đại học Bách khoa - Đại học Đà Nẵng","Công nghệ thực phẩm","2024","4","A00;B00 + IELTS","23.00","Phương thức 4 – Xét tuyển kết hợp"
"Trường Đại học Sư phạm Kỹ thuật Hưng Yên","Kỹ thuật điện","2024","1","A00","23.20","Phương thức 1 – Điểm thi THPT"
"Trường Đại học Bách khoa - Đại học Đà Nẵng","Kiến trúc","2024","4","A00 + IELTS","24.00","Phương thức 4 – Xét tuyển kết hợp"
"Trường Đại học Sư phạm Kỹ thuật Hưng Yên","Kỹ thuật điều khiển & tự động hóa","2024","1","A00","23.80","Phương thức 1 – Điểm thi THPT"
"Trường Đại học Bách khoa - Đại học Đà Nẵng","Công nghệ kỹ thuật ô tô","2024","4","A00 + IELTS","24.50","Phương thức 4 – Xét tuyển kết hợp"